client_id,page_url,referrer,timestamp,event_name,event_data,user_agent,source_file,clientid,timestamp_parsed,event_data_parsed,utm_source,utm_medium,utm_campaign,json_error,referrer_domain,referrer_anonymized
,https://puffy.com/blogs/best-sleep/heating-pad-vs-electric-blanket,https://source-afb1343a.com/,2025-02-23T00:00:01.750Z,page_viewed,,"Mozilla/5.0 (Windows NT 10.0; Win64; x64) AppleWebKit/537.36 (KHTML, like Gecko) Chrome/133.0.0.0 Safari/537.36",events_20250223.csv,,2025-02-23 00:00:01.750000+00:00,,,,,False,source-afb1343a.com,False
,https://puffy.com/products/puffy-mattress?size=F8A6D9&sfdr_ptcid=15B4CF&sfdr_hash=21917C&oid=ECCBC8&affid=E4DA3B&sub1=7EABC2&sub2=D41D8C&sub3=D41D8C&gad_source=C4CA42&gbraid=7D5691&gclid=A1B115,,2025-02-23T00:00:54.391Z,page_viewed,,"Mozilla/5.0 (iPhone; CPU iPhone OS 18_2 like Mac OS X) AppleWebKit/605.1.15 (KHTML, like Gecko) Version/18.2 Mobile/15E148 Safari/604.1",events_20250223.csv,,2025-02-23 00:00:54.391000+00:00,,,,,False,,False
,https://puffy.com/products/puffy-topper?feel=DE8612&size=F207E9,https://source-e34e0c2e.com/,2025-02-23T00:01:07.615Z,page_viewed,,"Mozilla/5.0 (iPhone; CPU iPhone OS 18_3_1 like Mac OS X) AppleWebKit/605.1.15 (KHTML, like Gecko) CriOS/133.0.6943.120 Mobile/15E148 Safari/604.1",events_20250223.csv,,2025-02-23 00:01:07.615000+00:00,,,,,False,source-e34e0c2e.com,False
,https://puffy.com/blogs/reviews/mattress-in-a-box-video-review-by-the-roof-family-for-puffy-mattress?utm_source=18F8FA&utm_medium=9A780E&utm_campaign=FD625D&utm_content=2A35A2&bxid=0099B6&_kx=BFD149,,2025-02-23T00:01:08.642Z,page_viewed,,"Mozilla/5.0 (iPhone; CPU iPhone OS 18_3_1 like Mac OS X) AppleWebKit/605.1.15 (KHTML, like Gecko) Version/18.3 Mobile/15E148 Safari/604.1 Ddg/18.3",events_20250223.csv,,2025-02-23 00:01:08.642000+00:00,,18F8FA,9A780E,FD625D,False,,False
,https://puffy.com/,,2025-02-23T00:02:08.395Z,page_viewed,,"Mozilla/5.0 (iPhone; CPU iPhone OS 18_3_1 like Mac OS X) AppleWebKit/605.1.15 (KHTML, like Gecko) Version/18.3 Mobile/15E148 Safari/604.1",events_20250223.csv,,2025-02-23 00:02:08.395000+00:00,,,,,False,,False
,https://puffy.com/products/puffy-mattress?size=F8A6D9&sfdr_ptcid=15B4CF&sfdr_hash=21917C&oid=ECCBC8&affid=E4DA3B&sub1=7EABC2&sub2=D41D8C&sub3=D41D8C&gad_source=C4CA42&gbraid=7D5691&gclid=F0D197,,2025-02-23T00:02:11.237Z,page_viewed,,"Mozilla/5.0 (iPhone; CPU iPhone OS 18_3_1 like Mac OS X) AppleWebKit/605.1.15 (KHTML, like Gecko) GSA/355.0.723646882 Mobile/15E148 Safari/604.1",events_20250223.csv,,2025-02-23 00:02:11.237000+00:00,,,,,False,,False
,https://puffy.com/products/puffy-lux-mattress?utm_source=175C1C&utm_medium=7B4C8A&utm_campaign=56B21B&utm_content=6295FD&amp_device_id=1E5ED2&oid=E4DA3B&affid=C20AD4&sub1=1BD8C2&sub2=47BA91&sub3=719530&gad_source=C4CA42&gbraid=42DAD4&gclid=495A06&_gl=0B63A0&size=2C2D2C,,2025-02-23T00:02:59.212Z,page_viewed,,"Mozilla/5.0 (Macintosh; Intel Mac OS X 10_15_7) AppleWebKit/605.1.15 (KHTML, like Gecko) Version/18.3 Safari/605.1.15",events_20250223.csv,,2025-02-23 00:02:59.212000+00:00,,175C1C,7B4C8A,56B21B,False,,False
,https://puffy.com/products/puffy-topper?irclickid=0B5E46&utm_source=AF630F&utm_medium=7B4C8A&clickid=0B5E46&sharedid=D41D8C&iradid=139F4C&im_ref=0B5E46&irgwc=C4CA42,,2025-02-23T00:03:24.127Z,page_viewed,,"Mozilla/5.0 (iPhone; CPU iPhone OS 18_3_1 like Mac OS X) AppleWebKit/605.1.15 (KHTML, like Gecko) CriOS/133.0.6943.120 Mobile/15E148 Safari/604.1",events_20250223.csv,,2025-02-23 00:03:24.127000+00:00,,AF630F,7B4C8A,,False,,False
,https://puffy.com/products/puffy-monarch-mattress,,2025-02-23T00:03:28.880Z,page_viewed,,"Mozilla/5.0 (Macintosh; Intel Mac OS X 10_15_7) AppleWebKit/605.1.15 (KHTML, like Gecko) Version/18.1.1 Safari/605.1.15",events_20250223.csv,,2025-02-23 00:03:28.880000+00:00,,,,,False,,False
,https://puffy.com/products/puffy-bed-frame,https://source-afb1343a.com/,2025-02-23T00:03:39.100Z,page_viewed,,Mozilla/5.0 (Android 15; Mobile; rv:135.0) Gecko/135.0 Firefox/135.0,events_20250223.csv,,2025-02-23 00:03:39.100000+00:00,,,,,False,source-afb1343a.com,False
,https://puffy.com/products/puffy-topper?irclickid=0B5E46&utm_source=0CD4C0&utm_medium=7B4C8A&clickid=0B5E46&sharedid=D41D8C&iradid=139F4C&im_ref=0B5E46&irgwc=C4CA42&size=2C2D2C,,2025-02-23T00:03:46.480Z,email_filled_on_popup,"{""user_email"":""f3f4e4fb9d459fb0570811dcf8689bc5504d72962950d93bb10d5a49b18e611a""}","Mozilla/5.0 (iPhone; CPU iPhone OS 18_3_1 like Mac OS X) AppleWebKit/605.1.15 (KHTML, like Gecko) CriOS/133.0.6943.120 Mobile/15E148 Safari/604.1",events_20250223.csv,,2025-02-23 00:03:46.480000+00:00,{'user_email': 'f3f4e4fb9d459fb0570811dcf8689bc5504d72962950d93bb10d5a49b18e611a'},0CD4C0,7B4C8A,,False,,False
,https://puffy.com/products/puffy-mattress?utm_source=4DD6A7&utm_medium=7B4C8A&utm_campaign=19D820&utm_content=751C86&amp_device_id=A6EE19&oid=C81E72&affid=ECCBC8&sub1=8046BD&sub2=D41D8C&sub3=D41D8C&gad_source=C4CA42&gbraid=D5B4AE&gclid=E4B34A&_gl=CF8DB9,,2025-02-23T00:04:11.577Z,page_viewed,,"Mozilla/5.0 (iPhone; CPU iPhone OS 18_3_1 like Mac OS X) AppleWebKit/605.1.15 (KHTML, like Gecko) Version/18.3 Mobile/15E148 Safari/604.1",events_20250223.csv,,2025-02-23 00:04:11.577000+00:00,,4DD6A7,7B4C8A,19D820,False,,False
,https://puffy.com/products/puffy-topper?irclickid=0B5E46&utm_source=0CD4C0&utm_medium=7B4C8A&clickid=0B5E46&sharedid=D41D8C&iradid=139F4C&im_ref=0B5E46&irgwc=C4CA42&size=2C2D2C,,2025-02-23T00:04:18.178Z,product_added_to_cart,,"Mozilla/5.0 (iPhone; CPU iPhone OS 18_3_1 like Mac OS X) AppleWebKit/605.1.15 (KHTML, like Gecko) CriOS/133.0.6943.120 Mobile/15E148 Safari/604.1",events_20250223.csv,,2025-02-23 00:04:18.178000+00:00,,0CD4C0,7B4C8A,,False,,False
,https://puffy.com/products/puffy-topper?oid=ECCBC8&affid=E4DA3B&sub1=6C42AB&sub2=6F6892&sub3=403AFE&gad_source=C4CA42&gclid=E3D6C8&size=1E921A,https://www.google.com/,2025-02-23T00:04:20.256Z,page_viewed,,"Mozilla/5.0 (Windows NT 10.0; Win64; x64) AppleWebKit/537.36 (KHTML, like Gecko) Chrome/133.0.0.0 Safari/537.36 OpenWave/94.4.4350.38",events_20250223.csv,,2025-02-23 00:04:20.256000+00:00,,,,,False,www.google.com,False
,https://puffy.com/cart,,2025-02-23T00:04:21.041Z,page_viewed,,"Mozilla/5.0 (iPhone; CPU iPhone OS 18_3_1 like Mac OS X) AppleWebKit/605.1.15 (KHTML, like Gecko) CriOS/133.0.6943.120 Mobile/15E148 Safari/604.1",events_20250223.csv,,2025-02-23 00:04:21.041000+00:00,,,,,False,,False
,https://puffy.com/products/puffy-mattress?set_view=32617F&utm_campaign=33E241&oid=ECCBC8&affid=E4DA3B&sub1=1398A1&sub2=813680&gad_source=C4CA42&gclid=ADEA76&kind=33E241,,2025-02-23T00:04:32.028Z,page_viewed,,"Mozilla/5.0 (Linux; Android 10; K) AppleWebKit/537.36 (KHTML, like Gecko) Chrome/133.0.0.0 Mobile Safari/537.36",events_20250223.csv,,2025-02-23 00:04:32.028000+00:00,,,,33E241,False,,False
,https://puffy.com/cart,,2025-02-23T00:04:33.959Z,page_viewed,,"Mozilla/5.0 (Windows NT 10.0; Win64; x64) AppleWebKit/537.36 (KHTML, like Gecko) Chrome/133.0.0.0 Safari/537.36",events_20250223.csv,,2025-02-23 00:04:33.959000+00:00,,,,,False,,False
,https://puffy.com/products/puffy-topper?utm_source=1C367E&utm_medium=D1BEFA,,2025-02-23T00:04:35.781Z,page_viewed,,"Mozilla/5.0 (Linux; Android 10; K) AppleWebKit/537.36 (KHTML, like Gecko) SamsungBrowser/27.0 Chrome/125.0.0.0 Mobile Safari/537.36",events_20250223.csv,,2025-02-23 00:04:35.781000+00:00,,1C367E,D1BEFA,,False,,False
,https://puffy.com/cart,,2025-02-23T00:04:56.285Z,page_viewed,,"Mozilla/5.0 (iPhone; CPU iPhone OS 18_2_1 like Mac OS X) AppleWebKit/605.1.15 (KHTML, like Gecko) Version/18.2 Mobile/15E148 Safari/604.1",events_20250223.csv,,2025-02-23 00:04:56.285000+00:00,,,,,False,,False
,https://puffy.com/products/puffy-mattress?set_view=F7C622&size=BDBEDF,,2025-02-23T00:05:01.881Z,page_viewed,,"Mozilla/5.0 (iPhone; CPU iPhone OS 17_5_1 like Mac OS X) AppleWebKit/605.1.15 (KHTML, like Gecko) Version/17.5 Mobile/15E148 Safari/604.1",events_20250223.csv,,2025-02-23 00:05:01.881000+00:00,,,,,False,,False
,https://puffy.com/products/puffy-mattress?size=719EF2&utm_source=175C1C&utm_medium=7B4C8A&utm_campaign=4BDBEA&utm_content=6295FD&amp_device_id=2C8B66&oid=E4DA3B&affid=C20AD4&sub1=45D3E7&sub2=86BA7A&sub3=66854C&gad_source=C4CA42&gbraid=2F75F6&gclid=DCA398&_gl=AE9505,https://source-175c1c8e.com/,2025-02-23T00:05:42.049Z,page_viewed,,"Mozilla/5.0 (Macintosh; Intel Mac OS X 10_15_7) AppleWebKit/605.1.15 (KHTML, like Gecko) Version/18.3 Safari/605.1.15",events_20250223.csv,,2025-02-23 00:05:42.049000+00:00,,175C1C,7B4C8A,4BDBEA,False,source-175c1c8e.com,False
,https://puffy.com/products/puffy-mattress?utm_source=175C1C&utm_medium=7B4C8A&utm_campaign=56B21B&utm_content=751C86&amp_device_id=1DF55D&oid=E4DA3B&affid=C20AD4&sub1=615362&sub2=3EC9B9&sub3=87FB38&gad_source=C4CA42&gclid=903F09&_gl=1C275B,,2025-02-23T00:05:51.508Z,page_viewed,,"Mozilla/5.0 (Linux; Android 10; K) AppleWebKit/537.36 (KHTML, like Gecko) Chrome/133.0.0.0 Mobile Safari/537.36",events_20250223.csv,,2025-02-23 00:05:51.508000+00:00,,175C1C,7B4C8A,56B21B,False,,False
,https://puffy.com/products/puffy-mattress?set_view=32617F&utm_campaign=33E241&oid=ECCBC8&affid=E4DA3B&sub1=1398A1&sub2=813680&gad_source=C4CA42&gclid=E6FE6E&kind=33E241,,2025-02-23T00:06:05.147Z,page_viewed,,"Mozilla/5.0 (Linux; Android 10; K) AppleWebKit/537.36 (KHTML, like Gecko) Chrome/133.0.0.0 Mobile Safari/537.36",events_20250223.csv,,2025-02-23 00:06:05.147000+00:00,,,,33E241,False,,False
,https://puffy.com/products/puffy-mattress?utm_source=4DD6A7&utm_medium=7B4C8A&utm_campaign=F9D767&utm_content=6295FD&amp_device_id=DF82D2&_gl=53B542&kind=C971FF,,2025-02-23T00:06:09.565Z,page_viewed,,"Mozilla/5.0 (iPhone; CPU iPhone OS 18_1_1 like Mac OS X) AppleWebKit/605.1.15 (KHTML, like Gecko) Version/18.1.1 Mobile/15E148 Safari/604.1",events_20250223.csv,,2025-02-23 00:06:09.565000+00:00,,4DD6A7,7B4C8A,F9D767,False,,False
,https://puffy.com/collections/bedding,,2025-02-23T00:06:44.293Z,page_viewed,,"Mozilla/5.0 (Windows NT 10.0; Win64; x64) AppleWebKit/537.36 (KHTML, like Gecko) Chrome/133.0.0.0 Safari/537.36 Edg/133.0.0.0",events_20250223.csv,,2025-02-23 00:06:44.293000+00:00,,,,,False,,False
,https://checkout.puffy.com/checkouts/cn/Z2NwLXVzLXdlc3QxOjAxSk1SMVdZOVc3SDAxS1lFOUNLREVHNkdZ/processing?completed=B326B5&reload_receipt=68934A&skip_shop_pay=B326B5,,2025-02-23T00:06:46.494Z,page_viewed,,"Mozilla/5.0 (iPhone; CPU iPhone OS 18_3_1 like Mac OS X) AppleWebKit/605.1.15 (KHTML, like Gecko) CriOS/133.0.6943.120 Mobile/15E148 Safari/604.1",events_20250223.csv,,2025-02-23 00:06:46.494000+00:00,,,,,False,,False
,https://checkout.puffy.com/checkouts/cn/Z2NwLXVzLXdlc3QxOjAxSk1SMVdZOVc3SDAxS1lFOUNLREVHNkdZ/thank-you,,2025-02-23T00:06:46.539Z,page_viewed,,"Mozilla/5.0 (iPhone; CPU iPhone OS 18_3_1 like Mac OS X) AppleWebKit/605.1.15 (KHTML, like Gecko) CriOS/133.0.6943.120 Mobile/15E148 Safari/604.1",events_20250223.csv,,2025-02-23 00:06:46.539000+00:00,,,,,False,,False
,https://checkout.puffy.com/checkouts/cn/Z2NwLXVzLXdlc3QxOjAxSk1SMVdZOVc3SDAxS1lFOUNLREVHNkdZ/thank-you,,2025-02-23T00:06:46.544Z,checkout_completed,"{""transaction_id"":""ORD-20250223-281"",""revenue"":245,""items"":[{""item_id"":""Q-TOPPR-F-22"",""item_name"":""Puffy Deluxe Mattress Topper"",""item_variant"":""Firm / Queen  -  (60\""W x 80\""L x 2.5\""H)"",""quantity"":1,""item_price"":245}],""user_email"":""f3f4e4fb9d459fb0570811dcf8689bc5504d72962950d93bb10d5a49b18e611a""}","Mozilla/5.0 (iPhone; CPU iPhone OS 18_3_1 like Mac OS X) AppleWebKit/605.1.15 (KHTML, like Gecko) CriOS/133.0.6943.120 Mobile/15E148 Safari/604.1",events_20250223.csv,,2025-02-23 00:06:46.544000+00:00,"{'transaction_id': 'ORD-20250223-281', 'revenue': 245, 'items': [{'item_id': 'Q-TOPPR-F-22', 'item_name': 'Puffy Deluxe Mattress Topper', 'item_variant': 'Firm / Queen  -  (60""W x 80""L x 2.5""H)', 'quantity': 1, 'item_price': 245}], 'user_email': 'f3f4e4fb9d459fb0570811dcf8689bc5504d72962950d93bb10d5a49b18e611a'}",,,,False,,False
,https://puffy.com/products/puffy-mattress?utm_source=4DD6A7&utm_medium=7B4C8A&utm_campaign=F9D767&utm_content=6295FD&amp_device_id=DF82D2&_gl=53B542&kind=C971FF&size=2C2D2C,https://source-4dd6a785.com/,2025-02-23T00:06:53.708Z,page_viewed,,"Mozilla/5.0 (iPhone; CPU iPhone OS 18_1_1 like Mac OS X) AppleWebKit/605.1.15 (KHTML, like Gecko) Version/18.1.1 Mobile/15E148 Safari/604.1",events_20250223.csv,,2025-02-23 00:06:53.708000+00:00,,4DD6A7,7B4C8A,F9D767,False,source-4dd6a785.com,False
,https://puffy.com/cart?addon=0FD9EE,,2025-02-23T00:07:05.703Z,product_added_to_cart,,"Mozilla/5.0 (Macintosh; Intel Mac OS X 10_15_7) AppleWebKit/605.1.15 (KHTML, like Gecko) Version/18.1.1 Safari/605.1.15",events_20250223.csv,,2025-02-23 00:07:05.703000+00:00,,,,,False,,False
,https://checkout.puffy.com/checkouts/cn/Z2NwLXVzLXdlc3QxOjAxSk1SMVdZOVc3SDAxS1lFOUNLREVHNkdZ/thank-you,,2025-02-23T00:07:31.638Z,page_viewed,,"Mozilla/5.0 (iPhone; CPU iPhone OS 18_3_1 like Mac OS X) AppleWebKit/605.1.15 (KHTML, like Gecko) CriOS/133.0.6943.120 Mobile/15E148 Safari/604.1",events_20250223.csv,,2025-02-23 00:07:31.638000+00:00,,,,,False,,False
,https://checkout.puffy.com/checkouts/cn/Z2NwLXVzLXdlc3QxOjAxSk1SMVdZOVc3SDAxS1lFOUNLREVHNkdZ/thank-you,,2025-02-23T00:07:31.642Z,page_viewed,,"Mozilla/5.0 (iPhone; CPU iPhone OS 18_3_1 like Mac OS X) AppleWebKit/605.1.15 (KHTML, like Gecko) CriOS/133.0.6943.120 Mobile/15E148 Safari/604.1",events_20250223.csv,,2025-02-23 00:07:31.642000+00:00,,,,,False,,False
,https://puffy.com/cart,,2025-02-23T00:07:33.074Z,page_viewed,,"Mozilla/5.0 (iPhone; CPU iPhone OS 18_3_1 like Mac OS X) AppleWebKit/605.1.15 (KHTML, like Gecko) CriOS/133.0.6943.120 Mobile/15E148 Safari/604.1",events_20250223.csv,,2025-02-23 00:07:33.074000+00:00,,,,,False,,False
,https://puffy.com/products/puffy-monarch-mattress?size=BDBEDF,,2025-02-23T00:07:44.447Z,page_viewed,,"Mozilla/5.0 (Macintosh; Intel Mac OS X 10_15_7) AppleWebKit/605.1.15 (KHTML, like Gecko) Version/18.1.1 Safari/605.1.15",events_20250223.csv,,2025-02-23 00:07:44.447000+00:00,,,,,False,,False
,https://checkout.puffy.com/checkouts/cn/Z2NwLXVzLWVhc3QxOjAxSk1SMUtGSEg4MloyQUszOU05TUpKNzNO/processing,https://source-ee658ef2.com/,2025-02-23T00:08:00.896Z,page_viewed,,"Mozilla/5.0 (iPhone; CPU iPhone OS 18_3_1 like Mac OS X) AppleWebKit/605.1.15 (KHTML, like Gecko) Version/18.3 Mobile/15E148 Safari/604.1",events_20250223.csv,,2025-02-23 00:08:00.896000+00:00,,,,,False,source-ee658ef2.com,False
,https://puffy.com/products/puffy-adjustable-base?irclickid=8CCB9E&utm_source=D61405&utm_medium=7B4C8A&clickid=8CCB9E&sharedid=D41D8C&iradid=139F4C&im_ref=8CCB9E&irgwc=C4CA42,https://source-27d38058.com/,2025-02-23T00:08:16.451Z,page_viewed,,"Mozilla/5.0 (iPhone; CPU iPhone OS 18_3_1 like Mac OS X) AppleWebKit/605.1.15 (KHTML, like Gecko) Version/18.3 Mobile/15E148 Safari/604.1",events_20250223.csv,,2025-02-23 00:08:16.451000+00:00,,D61405,7B4C8A,,False,source-27d38058.com,False
,https://puffy.com/cart,,2025-02-23T00:08:19.691Z,page_viewed,,"Mozilla/5.0 (Linux; Android 10; K) AppleWebKit/537.36 (KHTML, like Gecko) SamsungBrowser/27.0 Chrome/125.0.0.0 Mobile Safari/537.36",events_20250223.csv,,2025-02-23 00:08:19.691000+00:00,,,,,False,,False
,https://puffy.com/products/puffy-lux-mattress?size=E9DC92&sfdr_ptcid=F29489&sfdr_hash=68218B&oid=ECCBC8&affid=E4DA3B&sub1=7EABC2&sub2=D41D8C&sub3=D41D8C&gad_source=C4CA42&gbraid=7D5691&gclid=86B327,,2025-02-23T00:09:07.733Z,page_viewed,,"Mozilla/5.0 (iPhone; CPU iPhone OS 18_3_1 like Mac OS X) AppleWebKit/605.1.15 (KHTML, like Gecko) Version/18.3 Mobile/15E148 Safari/604.1",events_20250223.csv,,2025-02-23 00:09:07.733000+00:00,,,,,False,,False
,https://puffy.com/products/puffy-topper,,2025-02-23T00:09:17.264Z,page_viewed,,"Mozilla/5.0 (iPhone; CPU iPhone OS 18_3_1 like Mac OS X) AppleWebKit/605.1.15 (KHTML, like Gecko) CriOS/133.0.6943.120 Mobile/15E148 Safari/604.1",events_20250223.csv,,2025-02-23 00:09:17.264000+00:00,,,,,False,,False
,https://puffy.com/pages/puffy-mattress-and-puffy-lux,,2025-02-23T00:09:21.093Z,page_viewed,,"Mozilla/5.0 (iPhone; CPU iPhone OS 18_2_1 like Mac OS X) AppleWebKit/605.1.15 (KHTML, like Gecko) Version/18.2 Mobile/15E148 Safari/604.1",events_20250223.csv,,2025-02-23 00:09:21.093000+00:00,,,,,False,,False
,https://puffy.com/blogs/best-sleep/how-to-clean-poop-off-blanket,,2025-02-23T00:09:37.135Z,page_viewed,,"Mozilla/5.0 (Linux; Android 6.0.1; Nexus 5X Build/MMB29P) AppleWebKit/537.36 (KHTML, like Gecko) Chrome/133.0.6943.53 Mobile Safari/537.36 (compatible; Googlebot/2.1; +http://www.google.com/bot.html)",events_20250223.csv,,2025-02-23 00:09:37.135000+00:00,,,,,False,,False
,https://puffy.com/products/puffy-mattress?utm_content=12926E&utm_source=BABF38&utm_medium=7B4C8A&utm_campaign=C1DB00&amp_device_id=A060A1&oid=167909&affid=AAB323&sub1=565B77&sub2=B8C635&sub3=62344D&gad_source=C4CA42&gbraid=9B9C34&gclid=84DA81&_gl=EC0D73&kind=C971FF,,2025-02-23T00:09:56.775Z,page_viewed,,"Mozilla/5.0 (Macintosh; Intel Mac OS X 10_15_7) AppleWebKit/605.1.15 (KHTML, like Gecko) Version/18.3 Safari/605.1.15",events_20250223.csv,,2025-02-23 00:09:56.775000+00:00,,BABF38,7B4C8A,C1DB00,False,,False
,https://puffy.com/products/puffy-topper?irclickid=0805F4&utm_source=AF630F&utm_medium=7B4C8A&clickid=0805F4&sharedid=D41D8C&iradid=139F4C&im_ref=0805F4&irgwc=C4CA42,,2025-02-23T00:10:10.538Z,page_viewed,,"Mozilla/5.0 (iPhone; CPU iPhone OS 18_1_1 like Mac OS X) AppleWebKit/605.1.15 (KHTML, like Gecko) Version/18.1.1 Mobile/15E148 Safari/604.1",events_20250223.csv,,2025-02-23 00:10:10.538000+00:00,,AF630F,7B4C8A,,False,,False
,https://puffy.com/pages/queen-mattresses?srsltid=3C70F0,,2025-02-23T00:10:19.618Z,page_viewed,,"Mozilla/5.0 (iPhone; CPU iPhone OS 18_3_1 like Mac OS X) AppleWebKit/605.1.15 (KHTML, like Gecko) Version/18.3 Mobile/15E148 Safari/604.1",events_20250223.csv,,2025-02-23 00:10:19.618000+00:00,,,,,False,,False
,https://puffy.com/products/puffy-royal-mattress?resultQuiz=C4CA42&kind=E90062,,2025-02-23T00:10:22.829Z,page_viewed,,"Mozilla/5.0 (iPhone; CPU iPhone OS 18_2_1 like Mac OS X) AppleWebKit/605.1.15 (KHTML, like Gecko) Version/18.2 Mobile/15E148 Safari/604.1",events_20250223.csv,,2025-02-23 00:10:22.829000+00:00,,,,,False,,False
,https://puffy.com/products/puffy-blanket,,2025-02-23T00:11:07.621Z,page_viewed,,"Mozilla/5.0 (iPad; CPU OS 18_3_1 like Mac OS X) AppleWebKit/605.1.15 (KHTML, like Gecko) CriOS/133.0.6943.120 Mobile/15E148 Safari/604.1",events_20250223.csv,,2025-02-23 00:11:07.621000+00:00,,,,,False,,False
,https://puffy.com/,,2025-02-23T00:11:19.082Z,page_viewed,,"Mozilla/5.0 (Macintosh; Intel Mac OS X 10_12_6) AppleWebKit/537.36 (KHTML, like Gecko) Chrome/103.0.0.0 Safari/537.36",events_20250223.csv,,2025-02-23 00:11:19.082000+00:00,,,,,False,,False
,https://puffy.com/products/puffy-mattress?utm_source=175C1C&utm_medium=7B4C8A&utm_campaign=614BD8&utm_content=BE0FE2&oid=E4DA3B&affid=C20AD4&sub1=DAC80A&sub2=D31A9F&sub3=23BA08&gad_source=C4CA42&gbraid=5121CD&kind=C3F4C3,,2025-02-23T00:11:29.281Z,page_viewed,,"Mozilla/5.0 (iPhone; CPU iPhone OS 17_6_1 like Mac OS X) AppleWebKit/605.1.15 (KHTML, like Gecko) Version/17.6 Mobile/15E148 Safari/604.1",events_20250223.csv,,2025-02-23 00:11:29.281000+00:00,,175C1C,7B4C8A,614BD8,False,,False
,https://puffy.com/products/puffy-mattress?utm_source=175C1C&utm_medium=7B4C8A&utm_campaign=56B21B&utm_content=B47E18&amp_device_id=E5E222&oid=E4DA3B&affid=C20AD4&sub1=88CD30&sub2=D41D8C&sub3=D41D8C&gad_source=C4CA42&gclid=33B02E&_gl=3E04DA,,2025-02-23T00:12:02.900Z,page_viewed,,"Mozilla/5.0 (Linux; Android 10; K) AppleWebKit/537.36 (KHTML, like Gecko) Chrome/133.0.0.0 Mobile Safari/537.36",events_20250223.csv,,2025-02-23 00:12:02.900000+00:00,,175C1C,7B4C8A,56B21B,False,,False
,https://puffy.com/products/puffy-lux-mattress?utm_source=175C1C&utm_medium=7B4C8A&utm_campaign=56B21B&utm_content=B47E18&amp_device_id=E5E222&oid=E4DA3B&affid=C20AD4&sub1=88CD30&sub2=D41D8C&sub3=D41D8C&gad_source=C4CA42&gclid=33B02E&_gl=3E04DA,,2025-02-23T00:12:13.824Z,page_viewed,,"Mozilla/5.0 (Linux; Android 10; K) AppleWebKit/537.36 (KHTML, like Gecko) Chrome/133.0.0.0 Mobile Safari/537.36",events_20250223.csv,,2025-02-23 00:12:13.824000+00:00,,175C1C,7B4C8A,56B21B,False,,False
,https://puffy.com/products/puffy-mattress?utm_source=4DD6A7&utm_medium=7B4C8A&utm_campaign=B384CF&utm_content=2DEE62&oid=C81E72&affid=ECCBC8&sub1=68EB5A&sub2=F93024&sub3=7C8C81&gad_source=C4CA42&gbraid=A800F1&gclid=0A99B6&amp_device_id=595AB0&_gl=4556B8&kind=0E401F,,2025-02-23T00:12:31.712Z,page_viewed,,"Mozilla/5.0 (iPhone; CPU iPhone OS 18_3_1 like Mac OS X) AppleWebKit/605.1.15 (KHTML, like Gecko) Version/18.3 Mobile/15E148 Safari/604.1",events_20250223.csv,,2025-02-23 00:12:31.712000+00:00,,4DD6A7,7B4C8A,B384CF,False,,False
,https://puffy.com/blogs/best-sleep/how-big-is-a-50x60-fleece-blanket,https://www.google.com/,2025-02-23T00:12:34.962Z,page_viewed,,"Mozilla/5.0 (iPhone; CPU iPhone OS 18_0_1 like Mac OS X) AppleWebKit/605.1.15 (KHTML, like Gecko) Version/18.0.1 Mobile/15E148 Safari/604.1",events_20250223.csv,,2025-02-23 00:12:34.962000+00:00,,,,,False,www.google.com,False
,https://puffy.com/products/puffy-mattress?utm_source=4DD6A7&utm_medium=7B4C8A&utm_campaign=19D820&utm_content=751C86&amp_device_id=FEEBA6&oid=C81E72&affid=ECCBC8&sub1=8046BD&sub2=D41D8C&sub3=D41D8C&gad_source=C4CA42&gclid=4904C3&_gl=2E4811,,2025-02-23T00:12:45.285Z,page_viewed,,"Mozilla/5.0 (Linux; Android 10; K) AppleWebKit/537.36 (KHTML, like Gecko) Chrome/133.0.0.0 Mobile Safari/537.36",events_20250223.csv,,2025-02-23 00:12:45.285000+00:00,,4DD6A7,7B4C8A,19D820,False,,False
,https://puffy.com/,,2025-02-23T00:12:47.018Z,page_viewed,,"Mozilla/5.0 (iPhone; CPU iPhone OS 18_1_1 like Mac OS X) AppleWebKit/605.1.15 (KHTML, like Gecko) Version/18.1.1 Mobile/15E148 Safari/604.1",events_20250223.csv,,2025-02-23 00:12:47.018000+00:00,,,,,False,,False
,https://puffy.com/products/puffy-lux-mattress?irclickid=0390E3&utm_source=0291C7&utm_medium=7B4C8A&clickid=0390E3&sharedid=D41D8C&iradid=05DCA9&im_ref=0390E3&irgwc=C4CA42,,2025-02-23T00:12:57.603Z,page_viewed,,"Mozilla/5.0 (iPhone; CPU iPhone OS 18_3_1 like Mac OS X) AppleWebKit/605.1.15 (KHTML, like Gecko) Version/18.3 Mobile/15E148 Safari/604.1",events_20250223.csv,,2025-02-23 00:12:57.603000+00:00,,0291C7,7B4C8A,,False,,False
,https://puffy.com/blogs/best-sleep/how-to-fold-a-blanket-for-a-gift,,2025-02-23T00:13:45.563Z,page_viewed,,"Mozilla/5.0 (Linux; Android 6.0.1; Nexus 5X Build/MMB29P) AppleWebKit/537.36 (KHTML, like Gecko) Chrome/133.0.6943.53 Mobile Safari/537.36 (compatible; Googlebot/2.1; +http://www.google.com/bot.html)",events_20250223.csv,,2025-02-23 00:13:45.563000+00:00,,,,,False,,False
,https://puffy.com/products/puffy-mattress?set_view=32617F&utm_campaign=33E241&oid=ECCBC8&affid=E4DA3B&sub1=1398A1&sub2=813680&gad_source=C4CA42&gclid=8F4866&kind=33E241,android-app://com.google.android.googlequicksearchbox/,2025-02-23T00:14:26.832Z,page_viewed,,"Mozilla/5.0 (Linux; Android 10; K) AppleWebKit/537.36 (KHTML, like Gecko) Chrome/133.0.0.0 Mobile Safari/537.36",events_20250223.csv,,2025-02-23 00:14:26.832000+00:00,,,,33E241,False,com.google.android.googlequicksearchbox,True
,https://puffy.com/blogs/best-sleep/can-you-use-a-regular-mattress-on-a-platform-bed,https://www.google.com/,2025-02-23T00:14:48.823Z,page_viewed,,"Mozilla/5.0 (iPhone; CPU iPhone OS 18_3_1 like Mac OS X) AppleWebKit/605.1.15 (KHTML, like Gecko) CriOS/133.0.6943.84 Mobile/15E148 Safari/604.1",events_20250223.csv,,2025-02-23 00:14:48.823000+00:00,,,,,False,www.google.com,False
,https://puffy.com/collections/bedding,,2025-02-23T00:16:19.437Z,page_viewed,,"Mozilla/5.0 (Windows NT 10.0; Win64; x64) AppleWebKit/537.36 (KHTML, like Gecko) Chrome/133.0.0.0 Safari/537.36",events_20250223.csv,,2025-02-23 00:16:19.437000+00:00,,,,,False,,False
,https://puffy.com/products/puffy-mattress?utm_content=EE2750&utm_source=BABF38&utm_medium=7B4C8A&utm_campaign=E1A1DC&oid=167909&affid=AAB323&sub1=311258&sub2=3FAA9C&sub3=FC6DF7&gad_source=C4CA42&gbraid=79826B&gclid=F5F41F&_gl=46774D,,2025-02-23T00:16:37.268Z,page_viewed,,"Mozilla/5.0 (iPhone; CPU iPhone OS 18_3_1 like Mac OS X) AppleWebKit/605.1.15 (KHTML, like Gecko) Version/18.3 Mobile/15E148 Safari/604.1",events_20250223.csv,,2025-02-23 00:16:37.268000+00:00,,BABF38,7B4C8A,E1A1DC,False,,False
,https://puffy.com/blogs/best-sleep/why-is-my-cat-licking-my-blanket,,2025-02-23T00:17:15.328Z,page_viewed,,"Mozilla/5.0 (Linux; Android 6.0.1; Nexus 5X Build/MMB29P) AppleWebKit/537.36 (KHTML, like Gecko) Chrome/133.0.6943.53 Mobile Safari/537.36 (compatible; Googlebot/2.1; +http://www.google.com/bot.html)",events_20250223.csv,,2025-02-23 00:17:15.328000+00:00,,,,,False,,False
,https://puffy.com/products/puffy-adjustable-base?size=BDBEDF,,2025-02-23T00:17:33.598Z,page_viewed,,"Mozilla/5.0 (iPhone; CPU iPhone OS 18_1_1 like Mac OS X) AppleWebKit/605.1.15 (KHTML, like Gecko) GSA/356.2.728375747 Mobile/15E148 Safari/604.1",events_20250223.csv,,2025-02-23 00:17:33.598000+00:00,,,,,False,,False
,https://puffy.com/products/puffy-mattress?set_view=32617F&utm_campaign=33E241&oid=ECCBC8&affid=E4DA3B&sub1=1398A1&sub2=813680&gad_source=C4CA42&gclid=197260&kind=33E241,,2025-02-23T00:17:34.756Z,page_viewed,,"Mozilla/5.0 (Linux; Android 10; K) AppleWebKit/537.36 (KHTML, like Gecko) Chrome/133.0.0.0 Mobile Safari/537.36",events_20250223.csv,,2025-02-23 00:17:34.756000+00:00,,,,33E241,False,,False
,https://puffy.com/?oid=ECCBC8&affid=E4DA3B&sub1=7EABC2&sub2=D41D8C&sub3=D41D8C&gad_source=CFCD20&gclid=0E5E22,,2025-02-23T00:18:17.678Z,page_viewed,,"Mozilla/5.0 (Linux; Android 10; K) AppleWebKit/537.36 (KHTML, like Gecko) Chrome/133.0.0.0 Mobile Safari/537.36",events_20250223.csv,,2025-02-23 00:18:17.678000+00:00,,,,,False,,False
,https://puffy.com/products/puffy-sheets,https://puffy.com/blogs/best-sleep/how-to-wash-sheets-a-comprehensive-guide?utm_source=gleen&utm_medium=website,2025-02-23T00:18:18.809Z,page_viewed,,"Mozilla/5.0 (Windows NT 10.0; Win64; x64) AppleWebKit/537.36 (KHTML, like Gecko) Chrome/133.0.0.0 Safari/537.36 Edg/133.0.0.0",events_20250223.csv,,2025-02-23 00:18:18.809000+00:00,,,,,False,puffy.com,False
,https://puffy.com/products/puffy-mattress?irclickid=AA353C&utm_source=5709B4&utm_medium=7B4C8A&clickid=AA353C&sharedid=D41D8C&iradid=139F4C&irgwc=C4CA42,,2025-02-23T00:18:32.205Z,page_viewed,,"Mozilla/5.0 (iPhone; CPU iPhone OS 18_3_1 like Mac OS X) AppleWebKit/605.1.15 (KHTML, like Gecko) Version/18.3 Mobile/15E148 Safari/604.1",events_20250223.csv,,2025-02-23 00:18:32.205000+00:00,,5709B4,7B4C8A,,False,,False
,https://puffy.com/blogs/best-sleep/how-to-fold-a-fitted-sheet,,2025-02-23T00:18:49.767Z,page_viewed,,"Mozilla/5.0 (Linux; Android 6.0.1; Nexus 5X Build/MMB29P) AppleWebKit/537.36 (KHTML, like Gecko) Chrome/133.0.6943.53 Mobile Safari/537.36 (compatible; Googlebot/2.1; +http://www.google.com/bot.html)",events_20250223.csv,,2025-02-23 00:18:49.767000+00:00,,,,,False,,False
,https://puffy.com/blogs/best-sleep/what-is-the-best-angle-for-sleeping-on-an-adjustable-bed?srsltid=2A248B,https://www.google.com/,2025-02-23T00:18:51.574Z,page_viewed,,"Mozilla/5.0 (Windows NT 10.0; Win64; x64) AppleWebKit/537.36 (KHTML, like Gecko) Chrome/133.0.0.0 Safari/537.36",events_20250223.csv,,2025-02-23 00:18:51.574000+00:00,,,,,False,www.google.com,False
,https://puffy.com/products/puffy-lux-mattress?kind=F7BEFC,,2025-02-23T00:19:22.872Z,page_viewed,,"Mozilla/5.0 (Linux; Android 10; K) AppleWebKit/537.36 (KHTML, like Gecko) Chrome/133.0.0.0 Mobile Safari/537.36",events_20250223.csv,,2025-02-23 00:19:22.872000+00:00,,,,,False,,False
,https://puffy.com/,,2025-02-23T00:19:43.627Z,page_viewed,,"Mozilla/5.0 (Windows NT 10.0; Win64; x64) AppleWebKit/537.36 (KHTML, like Gecko) Chrome/133.0.0.0 Safari/537.36 Edg/133.0.0.0",events_20250223.csv,,2025-02-23 00:19:43.627000+00:00,,,,,False,,False
,https://puffy.com/products/puffy-mattress?utm_source=175C1C&utm_medium=7B4C8A&utm_campaign=55F369&utm_content=B47E18&amp_device_id=83D096&oid=E4DA3B&affid=C20AD4&sub1=DAC80A&sub2=A91AFD&sub3=032B0D&gad_source=C4CA42&gbraid=5121CD&gclid=0A65B6&_gl=5ECFFD&kind=FAEB4D,,2025-02-23T00:19:55.929Z,page_viewed,,"Mozilla/5.0 (iPhone; CPU iPhone OS 18_3_1 like Mac OS X) AppleWebKit/605.1.15 (KHTML, like Gecko) Version/18.3 Mobile/15E148 Safari/604.1",events_20250223.csv,,2025-02-23 00:19:55.929000+00:00,,175C1C,7B4C8A,55F369,False,,False
,https://puffy.com/products/puffy-mattress?set_view=32617F&utm_campaign=E37643&oid=ECCBC8&affid=E4DA3B&sub1=52F3FA&sub2=3D6645&sub3=F189A7&gad_source=C4CA42&gbraid=AAEE75&gclid=245E13&kind=C971FF,,2025-02-23T00:20:17.655Z,page_viewed,,"Mozilla/5.0 (iPhone; CPU iPhone OS 18_3_1 like Mac OS X) AppleWebKit/605.1.15 (KHTML, like Gecko) Version/18.3 Mobile/15E148 Safari/604.1",events_20250223.csv,,2025-02-23 00:20:17.655000+00:00,,,,E37643,False,,False
,https://puffy.com/products/puffy-mattress?set_view=32617F&utm_campaign=33E241&oid=ECCBC8&affid=E4DA3B&sub1=1398A1&sub2=813680&gad_source=C4CA42&gclid=D5EEF7&kind=33E241,,2025-02-23T00:20:36.283Z,page_viewed,,"Mozilla/5.0 (Linux; Android 10; K) AppleWebKit/537.36 (KHTML, like Gecko) Chrome/133.0.0.0 Mobile Safari/537.36",events_20250223.csv,,2025-02-23 00:20:36.283000+00:00,,,,33E241,False,,False
,https://puffy.com/blogs/best-sleep/how-to-fix-an-electric-blanket,,2025-02-23T00:20:59.727Z,page_viewed,,"Mozilla/5.0 (Linux; Android 6.0.1; Nexus 5X Build/MMB29P) AppleWebKit/537.36 (KHTML, like Gecko) Chrome/133.0.6943.53 Mobile Safari/537.36 (compatible; Googlebot/2.1; +http://www.google.com/bot.html)",events_20250223.csv,,2025-02-23 00:20:59.727000+00:00,,,,,False,,False
,https://puffy.com/products/puffy-mattress?utm_source=175C1C&utm_medium=7B4C8A&utm_campaign=BD3937&utm_content=3239CA&amp_device_id=339BB3&_gl=F0BEE3&kind=C971FF,,2025-02-23T00:21:02.411Z,page_viewed,,"Mozilla/5.0 (iPad; CPU OS 18_3_1 like Mac OS X) AppleWebKit/605.1.15 (KHTML, like Gecko) CriOS/133.0.6943.120 Mobile/15E148 Safari/604.1",events_20250223.csv,,2025-02-23 00:21:02.411000+00:00,,175C1C,7B4C8A,BD3937,False,,False
,https://puffy.com/products/puffy-mattress?set_view=32617F&utm_campaign=33E241&oid=ECCBC8&affid=E4DA3B&sub1=1398A1&sub2=813680&gad_source=C4CA42&gclid=E0C4BC&kind=33E241,,2025-02-23T00:21:13.133Z,page_viewed,,"Mozilla/5.0 (Linux; Android 10; K) AppleWebKit/537.36 (KHTML, like Gecko) Chrome/133.0.0.0 Mobile Safari/537.36",events_20250223.csv,,2025-02-23 00:21:13.133000+00:00,,,,33E241,False,,False
,https://puffy.com/products/puffy-mattress?utm_source=175C1C&utm_medium=7B4C8A&utm_campaign=EF8CFA&utm_content=B47E18&oid=E4DA3B&affid=C20AD4&sub1=F4CBB6&sub2=3A375B&sub3=719530&gad_source=C4CA42&gbraid=B4CE55&gclid=F1A531&amp_device_id=590864&_gl=EB212E&size=719EF2,,2025-02-23T00:21:30.665Z,page_viewed,,"Mozilla/5.0 (iPhone; CPU iPhone OS 18_3_1 like Mac OS X) AppleWebKit/605.1.15 (KHTML, like Gecko) Version/18.3 Mobile/15E148 Safari/604.1",events_20250223.csv,,2025-02-23 00:21:30.665000+00:00,,175C1C,7B4C8A,EF8CFA,False,,False
,https://puffy.com/blogs/best-sleep/why-does-my-dog-sleep-under-my-blanket?fbclid=EB8F82,https://source-660328a7.com/,2025-02-23T00:21:31.806Z,page_viewed,,facebookexternalhit/1.1 (+http://www.facebook.com/externalhit_uatext.php),events_20250223.csv,,2025-02-23 00:21:31.806000+00:00,,,,,False,source-660328a7.com,False
,https://puffy.com/blogs/best-sleep/how-to-dry-clean-a-blanket,,2025-02-23T00:21:35.192Z,page_viewed,,"Mozilla/5.0 (Linux; Android 6.0.1; Nexus 5X Build/MMB29P) AppleWebKit/537.36 (KHTML, like Gecko) Chrome/133.0.6943.53 Mobile Safari/537.36 (compatible; Googlebot/2.1; +http://www.google.com/bot.html)",events_20250223.csv,,2025-02-23 00:21:35.192000+00:00,,,,,False,,False
,https://puffy.com/products/puffy-zen-bed-frame?oid=ECCBC8&affid=C81E72&sub1=9BA155&sub2=64BB51&sub3=43033F&fbclid=72B81F&utm_source=26CAE7&utm_medium=76E084&campaign_id=9BA155&ad_id=43033F&utm_id=9BA155&utm_content=43033F&utm_term=64BB51&utm_campaign=9BA155,,2025-02-23T00:21:38.373Z,page_viewed,,"Mozilla/5.0 (iPhone; CPU iPhone OS 18_3_1 like Mac OS X) AppleWebKit/605.1.15 (KHTML, like Gecko) Version/18.3 Mobile/15E148 Safari/604.1",events_20250223.csv,,2025-02-23 00:21:38.373000+00:00,,26CAE7,76E084,9BA155,False,,False
,https://puffy.com/,,2025-02-23T00:22:11.271Z,page_viewed,,"Mozilla/5.0 (Macintosh; Intel Mac OS X 10_15_7) AppleWebKit/537.36 (KHTML, like Gecko) Chrome/131.0.0.0 Safari/537.36",events_20250223.csv,,2025-02-23 00:22:11.271000+00:00,,,,,False,,False
,https://puffy.com/cart,,2025-02-23T00:22:23.885Z,page_viewed,,"Mozilla/5.0 (Linux; Android 10; K) AppleWebKit/537.36 (KHTML, like Gecko) SamsungBrowser/27.0 Chrome/125.0.0.0 Mobile Safari/537.36",events_20250223.csv,,2025-02-23 00:22:23.885000+00:00,,,,,False,,False
,https://puffy.com/products/puffy-mattress,,2025-02-23T00:22:32.085Z,page_viewed,,"Mozilla/5.0 (X11; Linux x86_64) AppleWebKit/537.36 (KHTML, like Gecko) Chrome/129.0.0.0 Safari/537.36",events_20250223.csv,,2025-02-23 00:22:32.085000+00:00,,,,,False,,False
,https://puffy.com/blogs/best-sleep/diy-platform-bed-frame,,2025-02-23T00:22:32.233Z,page_viewed,,"Mozilla/5.0 (Linux; Android 6.0.1; Nexus 5X Build/MMB29P) AppleWebKit/537.36 (KHTML, like Gecko) Chrome/133.0.6943.53 Mobile Safari/537.36 (compatible; Googlebot/2.1; +http://www.google.com/bot.html)",events_20250223.csv,,2025-02-23 00:22:32.233000+00:00,,,,,False,,False
,https://puffy.com/products/puffy-topper?irclickid=281F2D&utm_source=AF630F&utm_medium=7B4C8A&clickid=281F2D&sharedid=D41D8C&iradid=139F4C&im_ref=281F2D&irgwc=C4CA42,https://source-e34e0c2e.com/,2025-02-23T00:23:13.919Z,page_viewed,,"Mozilla/5.0 (iPad; CPU OS 18_1_1 like Mac OS X) AppleWebKit/605.1.15 (KHTML, like Gecko) GSA/356.2.728375747 Mobile/15E148 Safari/604.1",events_20250223.csv,,2025-02-23 00:23:13.919000+00:00,,AF630F,7B4C8A,,False,source-e34e0c2e.com,False
,https://puffy.com/blogs/best-sleep/what-is-a-pillow-insert-and-how-to-choose-the-perfect-size-for-your-covers,,2025-02-23T00:23:36.552Z,page_viewed,,"Mozilla/5.0 (iPhone; CPU iPhone OS 18_1_1 like Mac OS X) AppleWebKit/605.1.15 (KHTML, like Gecko) Version/18.1.1 Mobile/15E148 Safari/604.1",events_20250223.csv,,2025-02-23 00:23:36.552000+00:00,,,,,False,,False
,https://puffy.com/products/puffy-mattress?utm_content=023C79&utm_source=BABF38&utm_medium=7B4C8A&utm_campaign=E1A1DC&amp_device_id=D4EB35&_gl=3D41B2,,2025-02-23T00:23:45.921Z,page_viewed,,"Mozilla/5.0 (iPhone; CPU iPhone OS 18_3_1 like Mac OS X) AppleWebKit/605.1.15 (KHTML, like Gecko) Version/18.3 Mobile/15E148 Safari/604.1",events_20250223.csv,,2025-02-23 00:23:45.921000+00:00,,BABF38,7B4C8A,E1A1DC,False,,False
,https://puffy.com/products/puffy-lux-mattress?utm_content=023C79&utm_source=BABF38&utm_medium=7B4C8A&utm_campaign=E1A1DC&amp_device_id=D4EB35&_gl=3D41B2&size=2C2D2C,,2025-02-23T00:24:00.343Z,page_viewed,,"Mozilla/5.0 (iPhone; CPU iPhone OS 18_3_1 like Mac OS X) AppleWebKit/605.1.15 (KHTML, like Gecko) Version/18.3 Mobile/15E148 Safari/604.1",events_20250223.csv,,2025-02-23 00:24:00.343000+00:00,,BABF38,7B4C8A,E1A1DC,False,,False
,https://puffy.com/products/puffy-mattress?oid=ECCBC8&affid=C81E72&sub1=000803&sub2=5A70E6&sub3=C43A76&utm_source=26CAE7&utm_medium=AE24AC&utm_campaign=D9A0D7&fbclid=440F36&campaign_id=000803&ad_id=C43A76&utm_id=000803&utm_content=C43A76&utm_term=5A70E6,,2025-02-23T00:24:31.482Z,page_viewed,,"Mozilla/5.0 (iPhone; CPU iPhone OS 18_3_1 like Mac OS X) AppleWebKit/605.1.15 (KHTML, like Gecko) Mobile/22D72 [FBAN/FBIOS;FBAV/501.0.0.49.107;FBBV/699723644;FBDV/iPhone17,4;FBMD/iPhone;FBSN/iOS;FBSV/18.3.1;FBSS/3;FBID/phone;FBLC/en_US;FBOP/5;FBRV/700746162;IABMV/1]",events_20250223.csv,,2025-02-23 00:24:31.482000+00:00,,26CAE7,AE24AC,D9A0D7,False,,False
,https://checkout.puffy.com/checkouts/cn/Z2NwLXVzLWVhc3QxOjAxSk1SMkUwNFBTV000NEo0M1ZQMzBUQUZO/processing,https://source-ee658ef2.com/,2025-02-23T00:24:48.803Z,page_viewed,,"Mozilla/5.0 (Linux; Android 9; KFONWI) AppleWebKit/537.36 (KHTML, like Gecko) Silk/132.1.97 like Chrome/132.0.6834.163 Safari/537.36",events_20250223.csv,,2025-02-23 00:24:48.803000+00:00,,,,,False,source-ee658ef2.com,False
,https://puffy.com/blogs/best-sleep/how-to-get-lint-off-fuzzy-blanket,,2025-02-23T00:24:51.824Z,page_viewed,,"Mozilla/5.0 (Linux; Android 6.0.1; Nexus 5X Build/MMB29P) AppleWebKit/537.36 (KHTML, like Gecko) Chrome/133.0.6943.53 Mobile Safari/537.36 (compatible; Googlebot/2.1; +http://www.google.com/bot.html)",events_20250223.csv,,2025-02-23 00:24:51.824000+00:00,,,,,False,,False
,https://puffy.com/products/puffy-lux-mattress?utm_content=EE2750&utm_source=BABF38&utm_medium=7B4C8A&utm_campaign=5B618A&amp_device_id=572653&oid=167909&affid=9BF31C&sub1=C166DA&sub2=4E602B&sub3=75C3F2&sub4=910955&oid=167909&affid=9BF31C&sub1=72AD88&sub2=0E407B&sub3=BABF38&sub4=21AD0B&msclkid=3AABFC&_gl=4E3B51&kind=F7BEFC,,2025-02-23T00:24:59.604Z,page_viewed,,"Mozilla/5.0 (Windows NT 10.0; Win64; x64) AppleWebKit/537.36 (KHTML, like Gecko) Chrome/133.0.0.0 Safari/537.36",events_20250223.csv,,2025-02-23 00:24:59.604000+00:00,,BABF38,7B4C8A,5B618A,False,,False
,https://puffy.com/products/puffy-mattress?set_view=32617F&utm_campaign=6D611A&oid=ECCBC8&affid=E4DA3B&sub1=3F6BE7&sub2=A82CB8&sub3=C68FC2&gad_source=C4CA42&gbraid=79550A&gclid=35A048&kind=6D611A,,2025-02-23T00:25:12.128Z,page_viewed,,"Mozilla/5.0 (Macintosh; Intel Mac OS X 10_15_7) AppleWebKit/605.1.15 (KHTML, like Gecko) Version/17.7 Safari/605.1.15",events_20250223.csv,,2025-02-23 00:25:12.128000+00:00,,,,6D611A,False,,False
,https://puffy.com/products/puffy-mattress?set_view=32617F&utm_campaign=33E241&oid=ECCBC8&affid=E4DA3B&sub1=1398A1&sub2=813680&gad_source=C4CA42&gclid=010D19&kind=33E241&size=2C2D2C,android-app://com.google.android.googlequicksearchbox/,2025-02-23T00:25:36.207Z,page_viewed,,"Mozilla/5.0 (Linux; Android 10; K) AppleWebKit/537.36 (KHTML, like Gecko) Chrome/133.0.0.0 Mobile Safari/537.36",events_20250223.csv,,2025-02-23 00:25:36.207000+00:00,,,,33E241,False,com.google.android.googlequicksearchbox,True
,https://puffy.com/products/puffy-lux-mattress?size=BBD471,,2025-02-23T00:25:42.295Z,page_viewed,,"Mozilla/5.0 (Windows NT 10.0; Win64; x64) AppleWebKit/537.36 (KHTML, like Gecko) Chrome/133.0.0.0 Safari/537.36 Edg/133.0.0.0",events_20250223.csv,,2025-02-23 00:25:42.295000+00:00,,,,,False,,False
,https://puffy.com/products/puffy-mattress?utm_source=4DD6A7&utm_medium=7B4C8A&utm_campaign=B384CF&utm_content=470826&oid=C81E72&affid=ECCBC8&sub1=8046BD&gad_source=C4CA42&gbraid=D5B4AE&gclid=EAD988&amp_device_id=EC6D70&_gl=36E6FF&kind=0E401F,https://source-4dd6a785.com/,2025-02-23T00:25:45.255Z,page_viewed,,"Mozilla/5.0 (iPhone; CPU iPhone OS 18_3_1 like Mac OS X) AppleWebKit/605.1.15 (KHTML, like Gecko) Version/18.3 Mobile/15E148 Safari/604.1",events_20250223.csv,,2025-02-23 00:25:45.255000+00:00,,4DD6A7,7B4C8A,B384CF,False,source-4dd6a785.com,False
,https://puffy.com/products/puffy-lux-mattress?utm_content=EE2750&utm_source=BABF38&utm_medium=7B4C8A&utm_campaign=669F49&oid=167909&affid=9BF31C&sub1=72AD88&sub2=0E407B&sub3=BABF38&sub4=21AD0B&msclkid=65B567&_gl=6D1713&size=1E921A&kind=0E401F,,2025-02-23T00:26:05.159Z,page_viewed,,"Mozilla/5.0 (Linux; Android 9; KFONWI) AppleWebKit/537.36 (KHTML, like Gecko) Silk/132.1.97 like Chrome/132.0.6834.163 Safari/537.36",events_20250223.csv,,2025-02-23 00:26:05.159000+00:00,,BABF38,7B4C8A,669F49,False,,False
,https://puffy.com/products/puffy-royal-mattress?set_view=F7C622&size=719EF2,,2025-02-23T00:26:09.098Z,product_added_to_cart,,"Mozilla/5.0 (Windows NT 10.0; Win64; x64) AppleWebKit/537.36 (KHTML, like Gecko) Chrome/133.0.0.0 Safari/537.36",events_20250223.csv,,2025-02-23 00:26:09.098000+00:00,,,,,False,,False
,https://puffy.com/products/puffy-mattress?irclickid=67EE49&utm_source=0291C7&utm_medium=7B4C8A&clickid=67EE49&sharedid=D41D8C&iradid=05DCA9&im_ref=67EE49&irgwc=C4CA42,,2025-02-23T00:26:18.221Z,page_viewed,,"Mozilla/5.0 (iPhone; CPU iPhone OS 18_3_1 like Mac OS X) AppleWebKit/605.1.15 (KHTML, like Gecko) Version/18.3 Mobile/15E148 Safari/604.1",events_20250223.csv,,2025-02-23 00:26:18.221000+00:00,,0291C7,7B4C8A,,False,,False
,https://puffy.com/products/puffy-mattress?utm_source=175C1C&utm_medium=7B4C8A&utm_campaign=D2BF20&utm_content=B47E18&amp_device_id=7466A0&oid=E4DA3B&affid=C20AD4&sub1=615362&sub2=C1A8B6&sub3=32EB63&gad_source=C4CA42&gclid=C8B1AE&_gl=19EF5C&kind=1B2C13,,2025-02-23T00:26:38.684Z,page_viewed,,"Mozilla/5.0 (Linux; Android 10; K) AppleWebKit/537.36 (KHTML, like Gecko) Chrome/131.0.0.0 Mobile Safari/537.36",events_20250223.csv,,2025-02-23 00:26:38.684000+00:00,,175C1C,7B4C8A,D2BF20,False,,False
,https://puffy.com/products/puffy-mattress?size=BBD471&utm_source=175C1C&utm_medium=7B4C8A&utm_campaign=D2D68F&utm_content=751C86&oid=E4DA3B&affid=C20AD4&sub1=3F47D7&sub2=3AEF23&sub3=3B9FE7&gad_source=C4CA42&gbraid=5375A3&gclid=623A92&amp_device_id=AA9FCE&_gl=30814D,https://source-175c1c8e.com/,2025-02-23T00:26:41.924Z,page_viewed,,"Mozilla/5.0 (Macintosh; Intel Mac OS X 10_15_7) AppleWebKit/605.1.15 (KHTML, like Gecko) Version/17.7 Safari/605.1.15",events_20250223.csv,,2025-02-23 00:26:41.924000+00:00,,175C1C,7B4C8A,D2D68F,False,source-175c1c8e.com,False
,https://puffy.com/products/puffy-mattress?oid=ECCBC8&affid=C81E72&sub1=000803&sub2=5A70E6&sub3=C43A76&utm_source=26CAE7&utm_medium=AE24AC&utm_campaign=D9A0D7&fbclid=6389DE&campaign_id=000803&ad_id=C43A76&utm_id=000803&utm_content=C43A76&utm_term=5A70E6,,2025-02-23T00:27:49.943Z,page_viewed,,"Mozilla/5.0 (Linux; Android 14; SM-G996U Build/UP1A.231005.007; wv) AppleWebKit/537.36 (KHTML, like Gecko) Version/4.0 Chrome/133.0.6943.81 Mobile Safari/537.36 [FB_IAB/FB4A;FBAV/500.0.0.57.50;IABMV/1;]",events_20250223.csv,,2025-02-23 00:27:49.943000+00:00,,26CAE7,AE24AC,D9A0D7,False,,False
,https://puffy.com/products/puffy-lux-mattress,,2025-02-23T00:28:14.983Z,page_viewed,,"Mozilla/5.0 (iPhone; CPU iPhone OS 18_2_1 like Mac OS X) AppleWebKit/605.1.15 (KHTML, like Gecko) Mobile/22C161 Instagram 368.0.0.27.83 (iPhone17,2; iOS 18_2_1; en_US; en; scale=3.00; 1320x2868; 697963422; IABMV/1)",events_20250223.csv,,2025-02-23 00:28:14.983000+00:00,,,,,False,,False
,https://puffy.com/products/puffy-mattress?utm_source=175C1C&utm_medium=7B4C8A&utm_campaign=BD3937&utm_content=751C86&amp_device_id=8FACF7&oid=E4DA3B&affid=C20AD4&sub1=5CFFAD&sub2=99DF30&sub3=0110C9&gad_source=C4CA42&gbraid=C55311&gclid=B617B4&_gl=5B2DCC&kind=C971FF,,2025-02-23T00:28:15.807Z,page_viewed,,"Mozilla/5.0 (iPhone; CPU iPhone OS 18_3_1 like Mac OS X) AppleWebKit/605.1.15 (KHTML, like Gecko) Version/18.3 Mobile/15E148 Safari/604.1",events_20250223.csv,,2025-02-23 00:28:15.807000+00:00,,175C1C,7B4C8A,BD3937,False,,False
,https://puffy.com/products/puffy-monarch-mattress,,2025-02-23T00:28:39.215Z,page_viewed,,"Mozilla/5.0 (iPhone; CPU iPhone OS 18_2_1 like Mac OS X) AppleWebKit/605.1.15 (KHTML, like Gecko) Mobile/22C161 Instagram 368.0.0.27.83 (iPhone17,2; iOS 18_2_1; en_US; en; scale=3.00; 1320x2868; 697963422; IABMV/1)",events_20250223.csv,,2025-02-23 00:28:39.215000+00:00,,,,,False,,False
,https://puffy.com/products/puffy-mattress?utm_content=31C5BF&utm_source=BABF38&utm_medium=7B4C8A&utm_campaign=E1A1DC&amp_device_id=5192C8&oid=167909&affid=AAB323&sub1=311258&sub2=46EFF4&sub3=0724B6&gad_source=C4CA42&gclid=F9B349&_gl=E9C1C0,,2025-02-23T00:29:04.433Z,page_viewed,,"Mozilla/5.0 (Linux; Android 10; K) AppleWebKit/537.36 (KHTML, like Gecko) Chrome/133.0.0.0 Mobile Safari/537.36",events_20250223.csv,,2025-02-23 00:29:04.433000+00:00,,BABF38,7B4C8A,E1A1DC,False,,False
,https://puffy.com/products/puffy-mattress,https://www.google.com/,2025-02-23T00:30:01.593Z,page_viewed,,"Mozilla/5.0 (Linux; Android 10; K) AppleWebKit/537.36 (KHTML, like Gecko) Chrome/133.0.0.0 Mobile Safari/537.36",events_20250223.csv,,2025-02-23 00:30:01.593000+00:00,,,,,False,www.google.com,False
,https://puffy.com/,,2025-02-23T00:30:39.287Z,page_viewed,,"Mozilla/5.0 (Windows NT 10.0; Win64; x64) AppleWebKit/537.36 (KHTML, like Gecko) Chrome/132.0.0.0 Safari/537.36",events_20250223.csv,,2025-02-23 00:30:39.287000+00:00,,,,,False,,False
,https://puffy.com/,,2025-02-23T00:30:42.563Z,page_viewed,,"Mozilla/5.0 (Linux; Android 10; K) AppleWebKit/537.36 (KHTML, like Gecko) SamsungBrowser/27.0 Chrome/125.0.0.0 Mobile Safari/537.36",events_20250223.csv,,2025-02-23 00:30:42.563000+00:00,,,,,False,,False
,https://puffy.com/pages/puffy-mattress-and-puffy-lux?irclickid=47D8C2&utm_source=1DB75B&utm_medium=7B4C8A&clickid=47D8C2&sharedid=D41D8C&iradid=CE2179&im_ref=47D8C2&irgwc=C4CA42,,2025-02-23T00:32:06.665Z,page_viewed,,"Mozilla/5.0 (Windows NT 10.0; Win64; x64) AppleWebKit/537.36 (KHTML, like Gecko) Chrome/133.0.0.0 Safari/537.36",events_20250223.csv,,2025-02-23 00:32:06.665000+00:00,,1DB75B,7B4C8A,,False,,False
,https://puffy.com/pages/puffy-mattress-and-puffy-lux?size=72545F&oid=ECCBC8&affid=E4DA3B&sub1=E752D5&sub2=4DD32D&sub3=D2C2FD&gad_source=C4CA42&gbraid=BCAAE2&gclid=EC6B4C,https://www.google.com/,2025-02-23T00:32:08.870Z,page_viewed,,"Mozilla/5.0 (iPhone; CPU iPhone OS 18_3_1 like Mac OS X) AppleWebKit/605.1.15 (KHTML, like Gecko) Version/18.3 Mobile/15E148 Safari/604.1",events_20250223.csv,,2025-02-23 00:32:08.870000+00:00,,,,,False,www.google.com,False
,https://puffy.com/pages/puffy-lux-mattress-reviews,,2025-02-23T00:33:14.185Z,page_viewed,,"Mozilla/5.0 (Windows NT 10.0; Win64; x64) AppleWebKit/537.36 (KHTML, like Gecko) Chrome/133.0.0.0 Safari/537.36",events_20250223.csv,,2025-02-23 00:33:14.185000+00:00,,,,,False,,False
,https://puffy.com/products/puffy-topper?irclickid=52686C&utm_source=AF630F&utm_medium=7B4C8A&clickid=52686C&sharedid=D41D8C&iradid=139F4C&im_ref=52686C&irgwc=C4CA42,https://source-e34e0c2e.com/,2025-02-23T00:33:43.392Z,page_viewed,,"Mozilla/5.0 (iPhone; CPU iPhone OS 18_3_1 like Mac OS X) AppleWebKit/605.1.15 (KHTML, like Gecko) Version/18.3 Mobile/15E148 Safari/604.1",events_20250223.csv,,2025-02-23 00:33:43.392000+00:00,,AF630F,7B4C8A,,False,source-e34e0c2e.com,False
,https://puffy.com/products/puffy-lux-mattress?set_view=32617F&utm_campaign=33E241&oid=ECCBC8&affid=E4DA3B&sub1=1398A1&sub2=813680&gad_source=C4CA42&gclid=98386E&size=719EF2&kind=33E241,,2025-02-23T00:33:46.744Z,page_viewed,,"Mozilla/5.0 (Linux; Android 10; K) AppleWebKit/537.36 (KHTML, like Gecko) Chrome/133.0.0.0 Mobile Safari/537.36",events_20250223.csv,,2025-02-23 00:33:46.744000+00:00,,,,33E241,False,,False
,https://puffy.com/cart?success=B326B5,,2025-02-23T00:34:30.454Z,page_viewed,,"Mozilla/5.0 (Windows NT 10.0; Win64; x64) AppleWebKit/537.36 (KHTML, like Gecko) Chrome/133.0.0.0 Safari/537.36 Edg/133.0.0.0",events_20250223.csv,,2025-02-23 00:34:30.454000+00:00,,,,,False,,False
,https://puffy.com/products/puffy-mattress?utm_content=EE2750&utm_source=BABF38&utm_medium=7B4C8A&utm_campaign=341FEC&oid=167909&affid=AAB323&sub1=53E9F6&gad_source=C4CA42&gclid=2E0D67&amp_device_id=C73675&_gl=6020B5&kind=9BE462&size=719EF2,,2025-02-23T00:34:40.857Z,product_added_to_cart,,"Mozilla/5.0 (Linux; Android 10; K) AppleWebKit/537.36 (KHTML, like Gecko) Chrome/133.0.0.0 Mobile Safari/537.36",events_20250223.csv,,2025-02-23 00:34:40.857000+00:00,,BABF38,7B4C8A,341FEC,False,,False
,https://puffy.com/products/puffy-topper?variation=D41D8C&utm_source=B49B20&utm_medium=9A780E&utm_campaign=F1A832&utm_content=41B664&bxid=DDBA6D&_kx=0D6F0E,,2025-02-23T00:34:47.587Z,page_viewed,,"Mozilla/5.0 (Windows NT 10.0; Win64; x64) AppleWebKit/537.36 (KHTML, like Gecko) Chrome/132.0.0.0 Safari/537.36",events_20250223.csv,,2025-02-23 00:34:47.587000+00:00,,B49B20,9A780E,F1A832,False,,False
,https://puffy.com/products/puffy-mattress?utm_source=175C1C&utm_medium=7B4C8A&utm_campaign=56B21B&utm_content=B47E18&amp_device_id=A3A7E6&oid=E4DA3B&affid=C20AD4&sub1=BD2B44&sub2=A3E4E3&sub3=5E4EFF&gad_source=C4CA42&gbraid=D54698&gclid=727A8D&_gl=105C7D,,2025-02-23T00:36:43.170Z,page_viewed,,"Mozilla/5.0 (iPhone; CPU iPhone OS 18_3_1 like Mac OS X) AppleWebKit/605.1.15 (KHTML, like Gecko) CriOS/133.0.6943.120 Mobile/15E148 Safari/604.1",events_20250223.csv,,2025-02-23 00:36:43.170000+00:00,,175C1C,7B4C8A,56B21B,False,,False
,https://puffy.com/products/puffy-mattress?utm_source=175C1C&utm_medium=7B4C8A&utm_campaign=BD3937&utm_content=3239CA&amp_device_id=7982F9&oid=E4DA3B&affid=C20AD4&sub1=615362&sub2=EA0334&sub3=9CD129&gad_source=C4CA42&gclid=9E92CD&_gl=8AB95C&kind=C971FF&size=2C2D2C,https://source-175c1c8e.com/top10mfbp/?oid=5&affid=12&sub1=20009002690&sub2=159823687601&sub3=best%20mattresses%20for%20lower%20back%20pain&gad_source=1&gclid=CjwKCAiAiOa9BhBqEiwABCdG89ehMx5nxSv28ZYZOK5h6QyDp4X-iD1HN9adq5a-FjJYTYHg4sAQaxoCfWgQAvD_BwE,2025-02-23T00:37:17.214Z,page_viewed,,"Mozilla/5.0 (Linux; Android 10; K) AppleWebKit/537.36 (KHTML, like Gecko) Chrome/133.0.0.0 Mobile Safari/537.36",events_20250223.csv,,2025-02-23 00:37:17.214000+00:00,,175C1C,7B4C8A,BD3937,False,source-175c1c8e.com,False
,https://puffy.com/products/puffy-mattress?size=F8A6D9&sfdr_ptcid=15B4CF&sfdr_hash=21917C&oid=ECCBC8&affid=E4DA3B&sub1=79F8DB&sub2=D41D8C&sub3=D41D8C&gad_source=C4CA42&gbraid=76EE5D&gclid=08A28A,https://www.google.com/,2025-02-23T00:38:13.601Z,email_filled_on_popup,"{""user_email"":""c03fdb2f6a7d9c3849c1ddc6537e4262e2d7549b37bac14f2f6d9b3e81f7a304""}","Mozilla/5.0 (iPhone; CPU iPhone OS 18_3_1 like Mac OS X) AppleWebKit/605.1.15 (KHTML, like Gecko) Version/18.3 Mobile/15E148 Safari/604.1",events_20250223.csv,,2025-02-23 00:38:13.601000+00:00,{'user_email': 'c03fdb2f6a7d9c3849c1ddc6537e4262e2d7549b37bac14f2f6d9b3e81f7a304'},,,,False,www.google.com,False
,https://puffy.com/products/puffy-mattress?utm_source=4DD6A7&utm_medium=7B4C8A&utm_campaign=B384CF&utm_content=751C86&amp_device_id=7B20D5&oid=C81E72&affid=ECCBC8&sub1=68EB5A&sub2=F93024&sub3=FC6DF7&gad_source=C4CA42&gclid=E7EE7D&_gl=E6FC79&kind=0E401F,https://source-4dd6a785.com/top10ss/?oid=2&affid=3&sub1=622240792&sub2=160384026719&sub3=helix%20mattress&gad_source=1&gclid=CjwKCAiAiOa9BhBqEiwABCdG84br7umGldkpjRgTuc6LDpbooHZMcYJWfkjx5WME-_uT0P6bUolNuBoC77EQAvD_BwE,2025-02-23T00:39:18.279Z,email_filled_on_popup,"{""user_email"":""938ceae4254a054f6f6be1a072e5ebbcc492270aac781bc139b12435f11512b5""}","Mozilla/5.0 (Linux; Android 10; K) AppleWebKit/537.36 (KHTML, like Gecko) Chrome/133.0.0.0 Mobile Safari/537.36",events_20250223.csv,,2025-02-23 00:39:18.279000+00:00,{'user_email': '938ceae4254a054f6f6be1a072e5ebbcc492270aac781bc139b12435f11512b5'},4DD6A7,7B4C8A,B384CF,False,source-4dd6a785.com,False
,https://puffy.com/products/puffy-mattress?utm_content=854719&utm_source=BABF38&utm_medium=7B4C8A&utm_campaign=669F49&amp_device_id=88D2E0&oid=167909&affid=AAB323&sub1=F55386&sub2=42D73B&sub3=ED036B&gad_source=C4CA42&gclid=EB2254&kind=0E401F,,2025-02-23T00:39:29.816Z,page_viewed,,"Mozilla/5.0 (Windows NT 10.0; Win64; x64) AppleWebKit/537.36 (KHTML, like Gecko) Chrome/133.0.0.0 Safari/537.36",events_20250223.csv,,2025-02-23 00:39:29.816000+00:00,,BABF38,7B4C8A,669F49,False,,False
,https://puffy.com/products/puffy-topper?irclickid=F6855A&utm_source=AF630F&utm_medium=7B4C8A&clickid=F6855A&sharedid=D41D8C&iradid=139F4C&im_ref=F6855A&irgwc=C4CA42,https://source-e34e0c2e.com/,2025-02-23T00:39:42.398Z,page_viewed,,"Mozilla/5.0 (Windows NT 10.0; Win64; x64) AppleWebKit/537.36 (KHTML, like Gecko) Chrome/133.0.0.0 Safari/537.36",events_20250223.csv,,2025-02-23 00:39:42.398000+00:00,,AF630F,7B4C8A,,False,source-e34e0c2e.com,False
,https://puffy.com/blogs/best-sleep/how-to-reset-a-heated-blanket,https://www.google.com/,2025-02-23T00:39:43.225Z,page_viewed,,"Mozilla/5.0 (iPhone; CPU iPhone OS 18_3_1 like Mac OS X) AppleWebKit/605.1.15 (KHTML, like Gecko) Version/18.3 Mobile/15E148 Safari/604.1",events_20250223.csv,,2025-02-23 00:39:43.225000+00:00,,,,,False,www.google.com,False
,https://puffy.com/products/puffy-mattress?set_view=32617F&utm_campaign=33E241&oid=ECCBC8&affid=E4DA3B&sub1=1398A1&sub2=813680&gad_source=C4CA42&gclid=D7C6BE&kind=33E241,,2025-02-23T00:39:56.273Z,page_viewed,,"Mozilla/5.0 (Linux; Android 10; K) AppleWebKit/537.36 (KHTML, like Gecko) SamsungBrowser/27.0 Chrome/125.0.0.0 Mobile Safari/537.36",events_20250223.csv,,2025-02-23 00:39:56.273000+00:00,,,,33E241,False,,False
,https://puffy.com/products/puffy-foundation,,2025-02-23T00:40:33.613Z,page_viewed,,"Mozilla/5.0 (iPhone; CPU iPhone OS 18_3_1 like Mac OS X) AppleWebKit/605.1.15 (KHTML, like Gecko) Version/18.3 Mobile/15E148 Safari/604.1",events_20250223.csv,,2025-02-23 00:40:33.613000+00:00,,,,,False,,False
,https://puffy.com/products/puffy-lux-mattress?size=F8A6D9&sfdr_ptcid=15B4CF&sfdr_hash=21917C&oid=ECCBC8&affid=E4DA3B&sub1=7EABC2&sub2=D41D8C&sub3=D41D8C&gad_source=C4CA42&gbraid=7D5691&gclid=7D2909,,2025-02-23T00:41:02.175Z,page_viewed,,"Mozilla/5.0 (iPhone; CPU iPhone OS 17_6_1 like Mac OS X) AppleWebKit/605.1.15 (KHTML, like Gecko) CriOS/133.0.6943.120 Mobile/15E148 Safari/604.1",events_20250223.csv,,2025-02-23 00:41:02.175000+00:00,,,,,False,,False
,https://puffy.com/cart,,2025-02-23T00:41:30.896Z,page_viewed,,"Mozilla/5.0 (iPhone; CPU iPhone OS 18_3_1 like Mac OS X) AppleWebKit/605.1.15 (KHTML, like Gecko) Version/18.3 Mobile/15E148 Safari/604.1",events_20250223.csv,,2025-02-23 00:41:30.896000+00:00,,,,,False,,False
,https://puffy.com/,,2025-02-23T00:41:34.074Z,page_viewed,,"Mozilla/5.0 (Macintosh; Intel Mac OS X 10_15_7) AppleWebKit/605.1.15 (KHTML, like Gecko) Version/18.3 Safari/605.1.15",events_20250223.csv,,2025-02-23 00:41:34.074000+00:00,,,,,False,,False
,https://puffy.com/products/puffy-topper?irclickid=6FAE0B&utm_source=AF630F&utm_medium=7B4C8A&clickid=6FAE0B&sharedid=D41D8C&iradid=139F4C&im_ref=6FAE0B&irgwc=C4CA42,https://source-e34e0c2e.com/,2025-02-23T00:41:47.981Z,page_viewed,,"Mozilla/5.0 (Linux; Android 10; K) AppleWebKit/537.36 (KHTML, like Gecko) Chrome/133.0.0.0 Mobile Safari/537.36",events_20250223.csv,,2025-02-23 00:41:47.981000+00:00,,AF630F,7B4C8A,,False,source-e34e0c2e.com,False
,https://puffy.com/products/puffy-adjustable-base?utm_content=12926E&utm_source=BABF38&utm_medium=7B4C8A&utm_campaign=D9604A&amp_device_id=C4E04E&oid=167909&affid=9BF31C&sub1=6167A7&sub2=A2BFE8&sub3=710D8F&sub4=910955&oid=167909&affid=9BF31C&sub1=72AD88&sub2=809EB1&sub3=BABF38&sub4=21AD0B&msclkid=7F3577&_gl=472623,,2025-02-23T00:42:07.445Z,page_viewed,,"Mozilla/5.0 (Linux; Android 6.0.1; SC-02G) AppleWebKit/537.36 (KHTML, like Gecko) Chrome/133.0.0.0 Mobile Safari/537.36",events_20250223.csv,,2025-02-23 00:42:07.445000+00:00,,BABF38,7B4C8A,D9604A,False,,False
,https://puffy.com/products/puffy-royal-mattress?size=2C2D2C,,2025-02-23T00:42:19.864Z,page_viewed,,"Mozilla/5.0 (iPhone; CPU iPhone OS 18_1_1 like Mac OS X) AppleWebKit/605.1.15 (KHTML, like Gecko) CriOS/133.0.6943.120 Mobile/15E148 Safari/604.1",events_20250223.csv,,2025-02-23 00:42:19.864000+00:00,,,,,False,,False
,https://puffy.com/pages/puffy-mattress-reviews?oid=ECCBC8&affid=E4DA3B&sub1=E752D5&sub2=75C880&sub3=16EFBC&gad_source=C4CA42&gbraid=BCAAE2&gclid=EB06B8,https://www.google.com/,2025-02-23T00:42:38.170Z,page_viewed,,"Mozilla/5.0 (iPhone; CPU iPhone OS 18_1_1 like Mac OS X) AppleWebKit/605.1.15 (KHTML, like Gecko) Version/18.1.1 Mobile/15E148 Safari/604.1",events_20250223.csv,,2025-02-23 00:42:38.170000+00:00,,,,,False,www.google.com,False
,https://puffy.com/sleep-score?oid=ECCBC8&affid=C81E72&sub1=E9A786&sub2=0F8EF6&sub3=49AEEA&fbclid=7FFEF3&utm_source=26CAE7&utm_medium=76E084&campaign_id=E9A786&ad_id=49AEEA&utm_id=E9A786&utm_content=49AEEA&utm_term=0F8EF6&utm_campaign=E9A786,https://source-603bdc25.com/,2025-02-23T00:42:42.165Z,page_viewed,,"Mozilla/5.0 (iPhone; CPU iPhone OS 18_3_1 like Mac OS X) AppleWebKit/605.1.15 (KHTML, like Gecko) Mobile/22D72 [FBAN/FBIOS;FBAV/500.0.0.52.98;FBBV/696635672;FBDV/iPhone14,5;FBMD/iPhone;FBSN/iOS;FBSV/18.3.1;FBSS/3;FBID/phone;FBLC/en_US;FBOP/5;FBRV/700448384;IABMV/1]",events_20250223.csv,,2025-02-23 00:42:42.165000+00:00,,26CAE7,76E084,E9A786,False,source-603bdc25.com,False
,https://puffy.com/cart,,2025-02-23T00:42:57.058Z,page_viewed,,"Mozilla/5.0 (iPhone; CPU iPhone OS 15_8_3 like Mac OS X) AppleWebKit/605.1.15 (KHTML, like Gecko) Version/15.6.6 Mobile/15E148 Safari/604.1",events_20250223.csv,,2025-02-23 00:42:57.058000+00:00,,,,,False,,False
,https://puffy.com/blogs/best-sleep/what-to-do-with-an-old-comforter,,2025-02-23T00:43:19.449Z,page_viewed,,"Mozilla/5.0 (Linux; Android 6.0.1; Nexus 5X Build/MMB29P) AppleWebKit/537.36 (KHTML, like Gecko) Chrome/133.0.6943.53 Mobile Safari/537.36 (compatible; Googlebot/2.1; +http://www.google.com/bot.html)",events_20250223.csv,,2025-02-23 00:43:19.449000+00:00,,,,,False,,False
,https://puffy.com/products/puffy-lux-mattress?utm_content=A78E8E&utm_source=BABF38&utm_medium=7B4C8A&utm_campaign=E69C27&amp_device_id=78EC64&oid=167909&affid=9BF31C&sub1=72AD88&sub2=809EB1&sub3=BABF38&sub4=21AD0B&msclkid=C6789F&_gl=8F122A&kind=1B2C13,,2025-02-23T00:43:40.854Z,page_viewed,,"Mozilla/5.0 (Linux; Android 8.0.0; ONEPLUS A3000) AppleWebKit/537.36 (KHTML, like Gecko) Chrome/131.0.0.0 Mobile Safari/537.36",events_20250223.csv,,2025-02-23 00:43:40.854000+00:00,,BABF38,7B4C8A,E69C27,False,,False
,https://puffy.com/products/puffy-lux-mattress?kind=C3F4C3,,2025-02-23T00:43:55.765Z,page_viewed,,"Mozilla/5.0 (iPhone; CPU iPhone OS 18_3_1 like Mac OS X) AppleWebKit/605.1.15 (KHTML, like Gecko) Version/18.3 Mobile/15E148 Safari/604.1",events_20250223.csv,,2025-02-23 00:43:55.765000+00:00,,,,,False,,False
,https://puffy.com/products/puffy-monarch-smart-bed-set?size=1E921A,,2025-02-23T00:43:56.237Z,page_viewed,,"Mozilla/5.0 (iPhone; CPU iPhone OS 15_8_3 like Mac OS X) AppleWebKit/605.1.15 (KHTML, like Gecko) Version/15.6.6 Mobile/15E148 Safari/604.1",events_20250223.csv,,2025-02-23 00:43:56.237000+00:00,,,,,False,,False
,https://puffy.com/blogs/best-sleep/floating-bed-frame-diy,,2025-02-23T00:44:06.025Z,page_viewed,,"Mozilla/5.0 (Linux; Android 6.0.1; Nexus 5X Build/MMB29P) AppleWebKit/537.36 (KHTML, like Gecko) Chrome/133.0.6943.53 Mobile Safari/537.36 (compatible; Googlebot/2.1; +http://www.google.com/bot.html)",events_20250223.csv,,2025-02-23 00:44:06.025000+00:00,,,,,False,,False
,https://puffy.com/products/puffy-lux-mattress,,2025-02-23T00:44:44.004Z,page_viewed,,"Mozilla/5.0 (iPhone; CPU iPhone OS 18_1_1 like Mac OS X) AppleWebKit/605.1.15 (KHTML, like Gecko) Version/18.1.1 Mobile/15E148 Safari/604.1",events_20250223.csv,,2025-02-23 00:44:44.004000+00:00,,,,,False,,False
,https://puffy.com/products/puffy-mattress?utm_source=4DD6A7&utm_medium=7B4C8A&utm_campaign=59F9E4&utm_content=F93BC8&amp_device_id=A3BA58&oid=C81E72&affid=ECCBC8&sub1=68EB5A&sub2=F93024&sub3=DB73FE&gad_source=C4CA42&gbraid=A800F1&gclid=A5048E&_gl=BF9569,,2025-02-23T00:44:45.513Z,page_viewed,,"Mozilla/5.0 (iPhone; CPU iPhone OS 18_3_1 like Mac OS X) AppleWebKit/605.1.15 (KHTML, like Gecko) Version/18.3 Mobile/15E148 Safari/604.1",events_20250223.csv,,2025-02-23 00:44:45.513000+00:00,,4DD6A7,7B4C8A,59F9E4,False,,False
,https://puffy.com/cart,,2025-02-23T00:45:00.372Z,page_viewed,,"Mozilla/5.0 (Linux; Android 7.0; SM-G930V Build/NRD90M) AppleWebKit/537.36 (KHTML, like Gecko) Chrome/59.0.3071.125 Mobile Safari/537.36 (compatible; Google-Read-Aloud; +https://support.google.com/webmasters/answer/1061943)",events_20250223.csv,,2025-02-23 00:45:00.372000+00:00,,,,,False,,False
,https://puffy.com/products/puffy-mattress,https://source-175c1c8e.com/top10calkingmattresses/?oid=5&affid=12&sub1=20829387081&sub2=&sub3=&gad_source=0&gclid=CjwKCAiAiOa9BhBqEiwABCdG8-rOZ-zX3UfHYBvF70BpcXWsT9YCbQqIjq_M1F7z7LazgKstiZY3wRoCpR8QAvD_BwE,2025-02-23T00:45:09.984Z,page_viewed,,"Mozilla/5.0 (Windows NT 10.0; Win64; x64) AppleWebKit/537.36 (KHTML, like Gecko) Chrome/131.0.0.0 Safari/537.36 OPR/116.0.0.0",events_20250223.csv,,2025-02-23 00:45:09.984000+00:00,,,,,False,source-175c1c8e.com,False
,https://puffy.com/blogs/best-sleep/flannel-vs-polyester-blanket,,2025-02-23T00:45:26.328Z,page_viewed,,"Mozilla/5.0 (Linux; Android 6.0.1; Nexus 5X Build/MMB29P) AppleWebKit/537.36 (KHTML, like Gecko) Chrome/133.0.6943.53 Mobile Safari/537.36 (compatible; Googlebot/2.1; +http://www.google.com/bot.html)",events_20250223.csv,,2025-02-23 00:45:26.328000+00:00,,,,,False,,False
,https://puffy.com/?utm_source=8C24F0&utm_medium=18B43C&utm_campaign=20F30C&utm_content=1692C9&bxid=1692C9&_kx=A45CDD,,2025-02-23T00:45:33.075Z,page_viewed,,"Mozilla/5.0 (Linux; Android 10; K) AppleWebKit/537.36 (KHTML, like Gecko) Chrome/133.0.0.0 Mobile Safari/537.36",events_20250223.csv,,2025-02-23 00:45:33.075000+00:00,,8C24F0,18B43C,20F30C,False,,False
,https://puffy.com/blogs/best-sleep/what-is-an-oversized-queen-comforter#toc-2-44f1tkots,https://www.google.com/,2025-02-23T00:45:51.219Z,page_viewed,,"Mozilla/5.0 (iPhone; CPU iPhone OS 16_2 like Mac OS X) AppleWebKit/605.1.15 (KHTML, like Gecko) Version/16.2 Mobile/15E148 Safari/604.1",events_20250223.csv,,2025-02-23 00:45:51.219000+00:00,,,,,False,www.google.com,False
,https://puffy.com/products/puffy-lux-mattress?size=E9DC92&sfdr_ptcid=F29489&sfdr_hash=68218B&oid=ECCBC8&affid=E4DA3B&sub1=7EABC2&sub2=D41D8C&sub3=D41D8C&gad_source=C4CA42&gbraid=7D5691&gclid=493925,,2025-02-23T00:45:57.693Z,page_viewed,,"Mozilla/5.0 (iPhone; CPU iPhone OS 18_1_1 like Mac OS X) AppleWebKit/605.1.15 (KHTML, like Gecko) GSA/355.0.723646882 Mobile/15E148 Safari/604.1",events_20250223.csv,,2025-02-23 00:45:57.693000+00:00,,,,,False,,False
,https://puffy.com/products/puffy-lux-mattress?utm_campaign=C3F4C3&oid=ECCBC8&affid=C81E72&sub1=34FDCA&sub2=4F8F74&sub3=65F583&fbclid=B511EC&utm_source=26CAE7&utm_medium=76E084&campaign_id=34FDCA&ad_id=65F583&utm_id=34FDCA&utm_content=65F583&utm_term=4F8F74&kind=C3F4C3,,2025-02-23T00:46:10.924Z,page_viewed,,"Mozilla/5.0 (Linux; Android 14; SM-S918U Build/UP1A.231005.007; wv) AppleWebKit/537.36 (KHTML, like Gecko) Version/4.0 Chrome/133.0.6943.117 Mobile Safari/537.36 [FB_IAB/FB4A;FBAV/501.0.0.61.70;IABMV/1;]",events_20250223.csv,,2025-02-23 00:46:10.924000+00:00,,26CAE7,76E084,C3F4C3,False,,False
,https://puffy.com/products/puffy-mattress?utm_content=31C5BF&utm_source=BABF38&utm_medium=7B4C8A&utm_campaign=BC27B8&amp_device_id=A71160&oid=167909&affid=9BF31C&sub1=72AD88&sub2=809EB1&sub3=BABF38&sub4=21AD0B&msclkid=CD122A&_gl=1D493C,,2025-02-23T00:46:22.297Z,page_viewed,,"Mozilla/5.0 (Windows NT 10.0; Win64; x64) AppleWebKit/537.36 (KHTML, like Gecko) Chrome/133.0.0.0 Safari/537.36",events_20250223.csv,,2025-02-23 00:46:22.297000+00:00,,BABF38,7B4C8A,BC27B8,False,,False
,https://puffy.com/products/puffy-mattress?utm_content=31C5BF&utm_source=BABF38&utm_medium=7B4C8A&utm_campaign=E1A1DC&amp_device_id=1DC455&oid=167909&affid=AAB323&sub1=53E9F6&sub2=D41D8C&sub3=D41D8C&gad_source=C4CA42&gbraid=443044&gclid=26C22A&_gl=B43AE1,,2025-02-23T00:47:02.044Z,page_viewed,,"Mozilla/5.0 (iPhone; CPU iPhone OS 18_3_1 like Mac OS X) AppleWebKit/605.1.15 (KHTML, like Gecko) Version/18.3 Mobile/15E148 Safari/604.1",events_20250223.csv,,2025-02-23 00:47:02.044000+00:00,,BABF38,7B4C8A,E1A1DC,False,,False
,https://puffy.com/?irclickid=9745F1&utm_source=784F03&utm_medium=7B4C8A&clickid=9745F1&sharedid=E0CC80&iradid=139F4C&im_ref=9745F1&irgwc=C4CA42,,2025-02-23T00:47:03.196Z,page_viewed,,"Mozilla/5.0 (Windows NT 10.0; Win64; x64) AppleWebKit/537.36 (KHTML, like Gecko) Chrome/128.0.0.0 Safari/537.36",events_20250223.csv,,2025-02-23 00:47:03.196000+00:00,,784F03,7B4C8A,,False,,False
,https://puffy.com/,,2025-02-23T00:47:47.758Z,page_viewed,,"Mozilla/5.0 (iPhone; CPU iPhone OS 18_3_1 like Mac OS X) AppleWebKit/605.1.15 (KHTML, like Gecko) Version/18.3 Mobile/15E148 Safari/604.1",events_20250223.csv,,2025-02-23 00:47:47.758000+00:00,,,,,False,,False
,https://puffy.com/blogs/best-sleep/sauna-blanket-vs-heated-blanket?srsltid=EFBB78,https://www.google.com/,2025-02-23T00:47:51.883Z,page_viewed,,"Mozilla/5.0 (iPhone; CPU iPhone OS 18_3_1 like Mac OS X) AppleWebKit/605.1.15 (KHTML, like Gecko) CriOS/133.0.6943.120 Mobile/15E148 Safari/604.1",events_20250223.csv,,2025-02-23 00:47:51.883000+00:00,,,,,False,www.google.com,False
,https://puffy.com/products/puffy-mattress?utm_source=175C1C&utm_medium=7B4C8A&utm_campaign=56B21B&utm_content=2DEE62&amp_device_id=706ECD&oid=E4DA3B&affid=C20AD4&sub1=615362&sub2=EB8E66&sub3=4CDDA8&gad_source=C4CA42&gbraid=85AA6C&gclid=0D741F&_gl=F0D5F1,,2025-02-23T00:49:30.752Z,page_viewed,,"Mozilla/5.0 (iPhone; CPU iPhone OS 18_3_1 like Mac OS X) AppleWebKit/605.1.15 (KHTML, like Gecko) GSA/356.2.728375747 Mobile/15E148 Safari/604.1",events_20250223.csv,,2025-02-23 00:49:30.752000+00:00,,175C1C,7B4C8A,56B21B,False,,False
,https://puffy.com/pages/king-mattresses?srsltid=D43FBB,,2025-02-23T00:50:00.394Z,page_viewed,,"Mozilla/5.0 (X11; CrOS x86_64 14541.0.0) AppleWebKit/537.36 (KHTML, like Gecko) Chrome/132.0.0.0 Safari/537.36",events_20250223.csv,,2025-02-23 00:50:00.394000+00:00,,,,,False,,False
,https://puffy.com/products/puffy-lux-mattress?utm_content=31C5BF&utm_source=BABF38&utm_medium=7B4C8A&utm_campaign=C1DB00&amp_device_id=066E26&oid=167909&affid=9BF31C&sub1=A12BFE&sub2=C91136&sub3=0AEFCF&sub4=5CFDB8&msclkid=AE89EA&_gl=A05166&size=719EF2&kind=C971FF,,2025-02-23T00:50:23.012Z,page_viewed,,"Mozilla/5.0 (iPhone; CPU iPhone OS 18_3_1 like Mac OS X) AppleWebKit/605.1.15 (KHTML, like Gecko) Version/18.3 Mobile/15E148 Safari/604.1",events_20250223.csv,,2025-02-23 00:50:23.012000+00:00,,BABF38,7B4C8A,C1DB00,False,,False
,https://puffy.com/products/puffy-monarch-mattress,,2025-02-23T00:50:27.263Z,page_viewed,,"Mozilla/5.0 (Linux; Android 10; K) AppleWebKit/537.36 (KHTML, like Gecko) Chrome/133.0.0.0 Mobile Safari/537.36",events_20250223.csv,,2025-02-23 00:50:27.263000+00:00,,,,,False,,False
,https://puffy.com/products/puffy-mattress?set_view=32617F&utm_campaign=33E241&oid=ECCBC8&affid=E4DA3B&sub1=1398A1&sub2=813680&gad_source=C4CA42&gclid=7F836B&kind=33E241,,2025-02-23T00:50:34.009Z,page_viewed,,"Mozilla/5.0 (Linux; Android 10; K) AppleWebKit/537.36 (KHTML, like Gecko) Chrome/133.0.0.0 Mobile Safari/537.36",events_20250223.csv,,2025-02-23 00:50:34.009000+00:00,,,,33E241,False,,False
,https://puffy.com/products/puffy-mattress?utm_content=4594CE&utm_source=BABF38&utm_medium=7B4C8A&utm_campaign=341FEC&amp_device_id=E2F2C1&oid=167909&affid=AAB323&sub1=53E9F6&gad_source=C4CA42&gclid=3C2FBB&_gl=EAA31F&kind=9BE462,,2025-02-23T00:50:40.787Z,page_viewed,,"Mozilla/5.0 (Linux; Android 10; K) AppleWebKit/537.36 (KHTML, like Gecko) Chrome/133.0.0.0 Mobile Safari/537.36",events_20250223.csv,,2025-02-23 00:50:40.787000+00:00,,BABF38,7B4C8A,341FEC,False,,False
,https://puffy.com/products/puffy-mattress?set_view=32617F&utm_campaign=33E241&oid=ECCBC8&affid=E4DA3B&sub1=1398A1&sub2=813680&gad_source=C4CA42&gclid=9A8756&kind=33E241,,2025-02-23T00:50:54.309Z,page_viewed,,"Mozilla/5.0 (Linux; Android 10; K) AppleWebKit/537.36 (KHTML, like Gecko) Chrome/133.0.0.0 Mobile Safari/537.36",events_20250223.csv,,2025-02-23 00:50:54.309000+00:00,,,,33E241,False,,False
,https://puffy.com/products/puffy-lux-mattress?utm_content=4594CE&utm_source=BABF38&utm_medium=7B4C8A&utm_campaign=341FEC&amp_device_id=E2F2C1&oid=167909&affid=AAB323&sub1=53E9F6&gad_source=C4CA42&gclid=3C2FBB&_gl=EAA31F&kind=9BE462,,2025-02-23T00:50:59.765Z,page_viewed,,"Mozilla/5.0 (Linux; Android 10; K) AppleWebKit/537.36 (KHTML, like Gecko) Chrome/133.0.0.0 Mobile Safari/537.36",events_20250223.csv,,2025-02-23 00:50:59.765000+00:00,,BABF38,7B4C8A,341FEC,False,,False
,https://puffy.com/blogs/best-sleep/how-to-put-lavender-oil-on-pillow,,2025-02-23T00:51:03.085Z,page_viewed,,"Mozilla/5.0 (Linux; Android 6.0.1; Nexus 5X Build/MMB29P) AppleWebKit/537.36 (KHTML, like Gecko) Chrome/133.0.6943.53 Mobile Safari/537.36 (compatible; Googlebot/2.1; +http://www.google.com/bot.html)",events_20250223.csv,,2025-02-23 00:51:03.085000+00:00,,,,,False,,False
,https://puffy.com/products/puffy-mattress?utm_content=4594CE&utm_source=BABF38&utm_medium=7B4C8A&utm_campaign=341FEC&amp_device_id=69A059&oid=167909&affid=AAB323&sub1=53E9F6&gad_source=C4CA42&gclid=78D44F&_gl=3BF1CB&kind=9BE462,,2025-02-23T00:51:46.276Z,page_viewed,,"Mozilla/5.0 (Linux; Android 10; K) AppleWebKit/537.36 (KHTML, like Gecko) Chrome/133.0.0.0 Mobile Safari/537.36",events_20250223.csv,,2025-02-23 00:51:46.276000+00:00,,BABF38,7B4C8A,341FEC,False,,False
,https://puffy.com/cart,,2025-02-23T00:51:50.952Z,page_viewed,,"Mozilla/5.0 (Linux; Android 10; K) AppleWebKit/537.36 (KHTML, like Gecko) Chrome/133.0.0.0 Mobile Safari/537.36",events_20250223.csv,,2025-02-23 00:51:50.952000+00:00,,,,,False,,False
,https://puffy.com/products/puffy-mattress?set_view=32617F&utm_campaign=33E241&oid=ECCBC8&affid=E4DA3B&sub1=1398A1&sub2=813680&gad_source=C4CA42&gclid=5C37FD&kind=33E241&size=719EF2,,2025-02-23T00:51:54.067Z,page_viewed,,"Mozilla/5.0 (Linux; Android 10; K) AppleWebKit/537.36 (KHTML, like Gecko) Chrome/133.0.0.0 Mobile Safari/537.36",events_20250223.csv,,2025-02-23 00:51:54.067000+00:00,,,,33E241,False,,False
,https://puffy.com/products/puffy-mattress?utm_content=31C5BF&utm_source=BABF38&utm_medium=7B4C8A&utm_campaign=E1A1DC&amp_device_id=09C7C2&oid=167909&affid=AAB323&sub1=53E9F6&sub2=D41D8C&sub3=D41D8C&gad_source=C4CA42&gbraid=443044&gclid=390601&_gl=AE3DDA,,2025-02-23T00:51:57.320Z,page_viewed,,"Mozilla/5.0 (iPhone; CPU iPhone OS 18_3_1 like Mac OS X) AppleWebKit/605.1.15 (KHTML, like Gecko) Version/18.3 Mobile/15E148 Safari/604.1",events_20250223.csv,,2025-02-23 00:51:57.320000+00:00,,BABF38,7B4C8A,E1A1DC,False,,False
,https://puffy.com/products/puffy-lux-mattress?utm_campaign=E37643&oid=ECCBC8&affid=C81E72&sub1=34FDCA&sub2=4F8F74&sub3=8BCFBD&utm_medium=76E084&utm_id=34FDCA&utm_content=8BCFBD&utm_term=4F8F74&fbclid=793CD4&utm_source=26CAE7&campaign_id=34FDCA&ad_id=8BCFBD&size=BBD471&kind=C971FF,,2025-02-23T00:52:37.059Z,page_viewed,,"Mozilla/5.0 (Windows NT 10.0; Win64; x64) AppleWebKit/537.36 (KHTML, like Gecko) Chrome/133.0.0.0 Safari/537.36",events_20250223.csv,,2025-02-23 00:52:37.059000+00:00,,26CAE7,76E084,E37643,False,,False
,https://checkout.puffy.com/checkouts/cn/Z2NwLXVzLXdlc3QxOjAxSk1SNEtYNU1RWVpESjRFREc4UEpDRTY2?auto_redirect=68934A&edge_redirect=B326B5&locale=CCE16C&skip_shop_pay=B326B5,https://puffy.com/,2025-02-23T00:52:42.397Z,checkout_started,,"Mozilla/5.0 (Linux; Android 10; K) AppleWebKit/537.36 (KHTML, like Gecko) Chrome/133.0.0.0 Mobile Safari/537.36",events_20250223.csv,,2025-02-23 00:52:42.397000+00:00,,,,,False,puffy.com,False
,https://puffy.com/products/puffy-zen-bed-frame,,2025-02-23T00:53:34.856Z,page_viewed,,"Mozilla/5.0 (iPhone; CPU iPhone OS 18_3_1 like Mac OS X) AppleWebKit/605.1.15 (KHTML, like Gecko) CriOS/133.0.6943.84 Mobile/15E148 Safari/604.1",events_20250223.csv,,2025-02-23 00:53:34.856000+00:00,,,,,False,,False
,https://puffy.com/?utm_source=BC55EF&utm_medium=9A780E&utm_campaign=918974&utm_content=9823CC&bxid=F58D8E&_kx=AA4B7C,,2025-02-23T00:53:35.461Z,page_viewed,,"Mozilla/5.0 (iPhone; CPU iPhone OS 18_3_1 like Mac OS X) AppleWebKit/605.1.15 (KHTML, like Gecko) Version/18.3 Mobile/15E148 Safari/604.1",events_20250223.csv,,2025-02-23 00:53:35.461000+00:00,,BC55EF,9A780E,918974,False,,False
,https://puffy.com/products/puffy-mattress?size=B20861&sfdr_ptcid=BBEEB1&sfdr_hash=033360&oid=ECCBC8&affid=E4DA3B&sub1=7EABC2&sub2=D41D8C&sub3=D41D8C&gad_source=A87FF6&gbraid=A0E0F6&gclid=CDEB6D,,2025-02-23T00:53:44.560Z,page_viewed,,"Mozilla/5.0 (iPad; CPU OS 18_3_1 like Mac OS X) AppleWebKit/605.1.15 (KHTML, like Gecko) GSA/356.2.728375747 Mobile/15E148 Safari/604.1",events_20250223.csv,,2025-02-23 00:53:44.560000+00:00,,,,,False,,False
,https://puffy.com/blogs/best-sleep/how-to-keep-an-air-mattress-warm,https://www.google.com/,2025-02-23T00:54:15.244Z,page_viewed,,"Mozilla/5.0 (iPhone; CPU iPhone OS 17_6 like Mac OS X) AppleWebKit/605.1.15 (KHTML, like Gecko) GSA/340.3.689937600 Mobile/15E148 Safari/604.1",events_20250223.csv,,2025-02-23 00:54:15.244000+00:00,,,,,False,www.google.com,False
,https://puffy.com/products/puffy-mattress?set_view=32617F&utm_campaign=33E241&oid=ECCBC8&affid=E4DA3B&sub1=1398A1&sub2=813680&gad_source=C4CA42&gclid=66F867&kind=33E241,,2025-02-23T00:54:42.225Z,page_viewed,,"Mozilla/5.0 (Linux; Android 10; K) AppleWebKit/537.36 (KHTML, like Gecko) Chrome/133.0.0.0 Mobile Safari/537.36",events_20250223.csv,,2025-02-23 00:54:42.225000+00:00,,,,33E241,False,,False
,https://puffy.com/products/puffy-sheets?oid=ECCBC8&affid=E4DA3B&sub1=06ABE4&sub2=5BF41A&sub3=E2686B&gad_source=C4CA42&gbraid=1A57B0&gclid=C34324,https://www.google.com/,2025-02-23T00:54:53.881Z,page_viewed,,"Mozilla/5.0 (iPhone; CPU iPhone OS 18_3_1 like Mac OS X) AppleWebKit/605.1.15 (KHTML, like Gecko) Version/18.3 Mobile/15E148 Safari/604.1",events_20250223.csv,,2025-02-23 00:54:53.881000+00:00,,,,,False,www.google.com,False
,https://puffy.com/?utm_source=BC55EF&utm_medium=9A780E&utm_campaign=918974&utm_content=9823CC&bxid=F58D8E&_kx=AA4B7C,,2025-02-23T00:55:17.682Z,page_viewed,,"Mozilla/5.0 (iPhone; CPU iPhone OS 18_3_1 like Mac OS X) AppleWebKit/605.1.15 (KHTML, like Gecko) Version/18.3 Mobile/15E148 Safari/604.1",events_20250223.csv,,2025-02-23 00:55:17.682000+00:00,,BC55EF,9A780E,918974,False,,False
,https://puffy.com/blogs/best-sleep/why-does-my-blanket-spark-at-night?srsltid=FCAB49,https://www.google.com.sg/,2025-02-23T00:55:23.224Z,page_viewed,,"Mozilla/5.0 (iPhone; CPU iPhone OS 16_7_10 like Mac OS X) AppleWebKit/605.1.15 (KHTML, like Gecko) Version/16.6 Mobile/15E148 Safari/604.1",events_20250223.csv,,2025-02-23 00:55:23.224000+00:00,,,,,False,www.google.com.sg,False
,https://puffy.com/products/puffy-mattress?size=2C2D2C&utm_source=1C367E&utm_medium=D1BEFA,,2025-02-23T00:56:24.348Z,page_viewed,,"Mozilla/5.0 (iPhone; CPU iPhone OS 18_3_1 like Mac OS X) AppleWebKit/605.1.15 (KHTML, like Gecko) Version/18.3 Mobile/15E148 Safari/604.1",events_20250223.csv,,2025-02-23 00:56:24.348000+00:00,,1C367E,D1BEFA,,False,,False
,https://puffy.com/products/puffy-zen-bed-frame?oid=ECCBC8&affid=C81E72&sub1=9BA155&sub2=64BB51&sub3=43033F&fbclid=5E7EAC&utm_source=26CAE7&utm_medium=76E084&campaign_id=9BA155&ad_id=43033F&utm_id=9BA155&utm_content=43033F&utm_term=64BB51&utm_campaign=9BA155,https://source-603bdc25.com/,2025-02-23T00:56:32.565Z,page_viewed,,"Mozilla/5.0 (iPad; CPU OS 18_1_1 like Mac OS X) AppleWebKit/605.1.15 (KHTML, like Gecko) Mobile/22B91 [FBAN/FBIOS;FBAV/500.0.0.52.98;FBBV/696635672;FBDV/iPad14,5;FBMD/iPad;FBSN/iPadOS;FBSV/18.1.1;FBSS/2;FBID/tablet;FBLC/en_US;FBOP/5;FBRV/700448384]",events_20250223.csv,,2025-02-23 00:56:32.565000+00:00,,26CAE7,76E084,9BA155,False,source-603bdc25.com,False
,https://puffy.com/?irclickid=52B103&utm_source=784F03&utm_medium=7B4C8A&clickid=52B103&sharedid=E0CC80&iradid=139F4C&im_ref=52B103&irgwc=C4CA42,,2025-02-23T00:56:49.426Z,page_viewed,,"Mozilla/5.0 (Windows NT 10.0; Win64; x64) AppleWebKit/537.36 (KHTML, like Gecko) Chrome/133.0.0.0 Safari/537.36 Edg/133.0.0.0",events_20250223.csv,,2025-02-23 00:56:49.426000+00:00,,784F03,7B4C8A,,False,,False
,https://puffy.com/products/puffy-mattress?utm_content=EE2750&utm_source=BABF38&utm_medium=7B4C8A&utm_campaign=341FEC&amp_device_id=DFE1FC&oid=167909&affid=AAB323&sub1=53E9F6&gad_source=C4CA42&gclid=2F9ED2&_gl=8F5993&kind=9BE462,,2025-02-23T00:56:53.866Z,page_viewed,,"Mozilla/5.0 (Linux; Android 10; K) AppleWebKit/537.36 (KHTML, like Gecko) Chrome/133.0.0.0 Mobile Safari/537.36",events_20250223.csv,,2025-02-23 00:56:53.866000+00:00,,BABF38,7B4C8A,341FEC,False,,False
,https://puffy.com/products/puffy-lux-mattress?size=E9DC92&sfdr_ptcid=F29489&sfdr_hash=68218B&oid=ECCBC8&affid=E4DA3B&sub1=7EABC2&sub2=D41D8C&sub3=D41D8C&gad_source=C4CA42&gbraid=7D5691&gclid=9416E1,,2025-02-23T00:56:59.742Z,page_viewed,,"Mozilla/5.0 (iPhone; CPU iPhone OS 18_3 like Mac OS X) AppleWebKit/605.1.15 (KHTML, like Gecko) Version/18.3 Mobile/15E148 Safari/604.1",events_20250223.csv,,2025-02-23 00:56:59.742000+00:00,,,,,False,,False
,https://puffy.com/cart,,2025-02-23T00:57:52.781Z,page_viewed,,"Mozilla/5.0 (Macintosh; Intel Mac OS X 10_15_7) AppleWebKit/605.1.15 (KHTML, like Gecko) Version/16.6.1 Safari/605.1.15",events_20250223.csv,,2025-02-23 00:57:52.781000+00:00,,,,,False,,False
,https://puffy.com/,,2025-02-23T00:58:05.996Z,page_viewed,,Mozilla/5.0 (Windows NT 10.0; Win64; x64; rv:135.0) Gecko/20100101 Firefox/135.0,events_20250223.csv,,2025-02-23 00:58:05.996000+00:00,,,,,False,,False
,https://puffy.com/products/puffy-topper?irclickid=19324F&utm_source=AF630F&utm_medium=7B4C8A&clickid=19324F&sharedid=D41D8C&iradid=139F4C&im_ref=19324F&irgwc=C4CA42,https://source-e34e0c2e.com/,2025-02-23T00:58:31.615Z,page_viewed,,"Mozilla/5.0 (iPhone; CPU iPhone OS 18_3_1 like Mac OS X) AppleWebKit/605.1.15 (KHTML, like Gecko) Version/18.3 Mobile/15E148 Safari/604.1",events_20250223.csv,,2025-02-23 00:58:31.615000+00:00,,AF630F,7B4C8A,,False,source-e34e0c2e.com,False
,https://puffy.com/products/puffy-zen-bed-frame?size=2C2D2C,https://www.google.com/,2025-02-23T00:58:51.525Z,page_viewed,,"Mozilla/5.0 (iPhone; CPU iPhone OS 18_3_1 like Mac OS X) AppleWebKit/605.1.15 (KHTML, like Gecko) CriOS/133.0.6943.84 Mobile/15E148 Safari/604.1",events_20250223.csv,,2025-02-23 00:58:51.525000+00:00,,,,,False,www.google.com,False
,https://puffy.com/products/puffy-royal-mattress?resultQuiz=C4CA42,,2025-02-23T00:58:53.225Z,page_viewed,,"Mozilla/5.0 (iPhone; CPU iPhone OS 18_1_1 like Mac OS X) AppleWebKit/605.1.15 (KHTML, like Gecko) Version/18.1.1 Mobile/15E148 Safari/604.1",events_20250223.csv,,2025-02-23 00:58:53.225000+00:00,,,,,False,,False
,https://puffy.com/products/puffy-lux-mattress?size=2C2D2C&sfdr_ptcid=B50D73&sfdr_hash=9D6F3C&media_type=78805A&oid=ECCBC8&affid=C81E72&sub1=29AC88&sub2=12CBB9&sub3=07751D&fbclid=3D94B4&utm_source=26CAE7&utm_medium=76E084&campaign_id=29AC88&ad_id=07751D&utm_id=29AC88&utm_content=07751D&utm_term=12CBB9&utm_campaign=29AC88,,2025-02-23T00:58:53.511Z,product_added_to_cart,,"Mozilla/5.0 (iPhone; CPU iPhone OS 18_3_1 like Mac OS X) AppleWebKit/605.1.15 (KHTML, like Gecko) Version/18.3 Mobile/15E148 Safari/604.1",events_20250223.csv,,2025-02-23 00:58:53.511000+00:00,,26CAE7,76E084,29AC88,False,,False
,https://puffy.com/products/puffy-mattress,,2025-02-23T00:59:54.652Z,page_viewed,,"Mozilla/5.0 (Linux; Android 10; K) AppleWebKit/537.36 (KHTML, like Gecko) Chrome/133.0.0.0 Mobile Safari/537.36",events_20250223.csv,,2025-02-23 00:59:54.652000+00:00,,,,,False,,False
,https://puffy.com/?sscid=95B079&utm_source=D9F430&utm_medium=BB166F&utm_campaign=66177B&utm_term=AE2A49,https://source-9c21547d.com/,2025-02-23T01:00:24.270Z,page_viewed,,"Mozilla/5.0 (Linux; Android 10; K) AppleWebKit/537.36 (KHTML, like Gecko) Chrome/133.0.0.0 Mobile Safari/537.36",events_20250223.csv,,2025-02-23 01:00:24.270000+00:00,,D9F430,BB166F,66177B,False,source-9c21547d.com,False
,https://puffy.com/cart?irclickid=218C9A&utm_source=B5F311&utm_medium=7B4C8A&clickid=218C9A&sharedid=D41D8C&iradid=139F4C&im_ref=218C9A&irgwc=C4CA42,,2025-02-23T01:01:20.825Z,page_viewed,,"Mozilla/5.0 (iPhone; CPU iPhone OS 18_3_1 like Mac OS X) AppleWebKit/605.1.15 (KHTML, like Gecko) CriOS/133.0.6943.120 Mobile/15E148 Safari/604.1",events_20250223.csv,,2025-02-23 01:01:20.825000+00:00,,B5F311,7B4C8A,,False,,False
,https://puffy.com/products/puffy-mattress?utm_content=854719&utm_source=BABF38&utm_medium=7B4C8A&utm_campaign=E1A1DC&amp_device_id=6C7261&oid=167909&affid=AAB323&sub1=311258&sub2=DF1499&sub3=DB73FE&gad_source=C4CA42&gbraid=79826B&gclid=3CEC1C&_gl=F975CD,,2025-02-23T01:01:22.097Z,page_viewed,,"Mozilla/5.0 (iPhone; CPU iPhone OS 18_3_1 like Mac OS X) AppleWebKit/605.1.15 (KHTML, like Gecko) Version/18.3 Mobile/15E148 Safari/604.1",events_20250223.csv,,2025-02-23 01:01:22.097000+00:00,,BABF38,7B4C8A,E1A1DC,False,,False
,https://puffy.com/?irclickid=2B3055&utm_source=784F03&utm_medium=7B4C8A&clickid=2B3055&sharedid=E0CC80&iradid=139F4C&im_ref=2B3055&irgwc=C4CA42,,2025-02-23T01:02:03.562Z,page_viewed,,"Mozilla/5.0 (Windows NT 10.0; Win64; x64) AppleWebKit/537.36 (KHTML, like Gecko) Chrome/133.0.0.0 Safari/537.36 Edg/133.0.0.0",events_20250223.csv,,2025-02-23 01:02:03.562000+00:00,,784F03,7B4C8A,,False,,False
,https://puffy.com/pages/puffy-privacy-policy,,2025-02-23T01:02:29.337Z,page_viewed,,"Mozilla/5.0 (iPhone; CPU iPhone OS 16_7_10 like Mac OS X) AppleWebKit/605.1.15 (KHTML, like Gecko) Version/16.6 Mobile/15E148 Safari/604.1",events_20250223.csv,,2025-02-23 01:02:29.337000+00:00,,,,,False,,False
,https://checkout.puffy.com/checkouts/cn/Z2NwLXVzLXdlc3QxOjAxSk1SNFg2R0gwV1BOUjgxVzVUSDcyRFpQ?auto_redirect=68934A&edge_redirect=B326B5&locale=CCE16C&skip_shop_pay=B326B5,https://puffy.com/,2025-02-23T01:02:30.680Z,checkout_started,,"Mozilla/5.0 (iPhone; CPU iPhone OS 18_3_1 like Mac OS X) AppleWebKit/605.1.15 (KHTML, like Gecko) Version/18.3 Mobile/15E148 Safari/604.1",events_20250223.csv,,2025-02-23 01:02:30.680000+00:00,,,,,False,puffy.com,False
,https://puffy.com/products/puffy-mattress?utm_content=CD7244&utm_source=BABF38&utm_medium=7B4C8A&utm_campaign=C1DB00&oid=167909&affid=9BF31C&sub1=72AD88&sub2=4E5404&sub3=BABF38&sub4=21AD0B&msclkid=78EACE&amp_device_id=FFFCD7&_gl=35D72A&kind=C971FF,,2025-02-23T01:02:44.694Z,page_viewed,,"Mozilla/5.0 (Windows NT 10.0; Win64) AppleWebKit/537.36 (KHTML, like Gecko) Chrome/131.0.0.0 Safari/537.36",events_20250223.csv,,2025-02-23 01:02:44.694000+00:00,,BABF38,7B4C8A,C1DB00,False,,False
,https://puffy.com/products/puffy-bed-frame,,2025-02-23T01:02:50.337Z,page_viewed,,"Mozilla/5.0 (Windows NT 10.0; Win64; x64) AppleWebKit/537.36 (KHTML, like Gecko) Chrome/133.0.0.0 Safari/537.36",events_20250223.csv,,2025-02-23 01:02:50.337000+00:00,,,,,False,,False
,https://puffy.com/products/puffy-sheets,,2025-02-23T01:03:14.875Z,page_viewed,,"Mozilla/5.0 (Windows NT 10.0; Win64; x64) AppleWebKit/537.36 (KHTML, like Gecko) Chrome/133.0.0.0 Safari/537.36",events_20250223.csv,,2025-02-23 01:03:14.875000+00:00,,,,,False,,False
,https://puffy.com/blogs/best-sleep/how-many-stitches-for-a-blanket,https://www.google.com/,2025-02-23T01:04:34.905Z,page_viewed,,"Mozilla/5.0 (iPhone; CPU iPhone OS 18_3_1 like Mac OS X) AppleWebKit/605.1.15 (KHTML, like Gecko) GSA/356.2.728375747 Mobile/15E148 Safari/604.1",events_20250223.csv,,2025-02-23 01:04:34.905000+00:00,,,,,False,www.google.com,False
,https://puffy.com/cart,,2025-02-23T01:04:40.847Z,page_viewed,,"Mozilla/5.0 (iPhone; CPU iPhone OS 18_3_1 like Mac OS X) AppleWebKit/605.1.15 (KHTML, like Gecko) GSA/356.2.728375747 Mobile/15E148 Safari/604.1",events_20250223.csv,,2025-02-23 01:04:40.847000+00:00,,,,,False,,False
